{
  "type": "FeatureCollection",
  "generator": "overpass-turbo",
  "copyright": "The data included in this document is from www.openstreetmap.org. The data is made available under ODbL.",
  "timestamp": "2026-06-16T09:47:25Z",
  "features": [
    {
      "type": "Feature",
      "properties": {
        "@id": "relation/3628207",
        "leisure": "park",
        "type": "boundary",
        "wheelchair": "no"
      },
      "geometry": {
        "type": "Polygon",
        "coordinates": [
          [
            [
              76.9577923,
              28.3648596
            ],
            [
              76.958206,
              28.3648481
            ],
            [
              76.958048,
              28.3650778
            ],
            [
              76.9578935,
              28.3650778
            ],
            [
              76.9578975,
              28.3649509
            ],
            [
              76.9576074,
              28.3649527
            ],
            [
              76.9577923,
              28.3648596
            ]
          ]
        ]
      },
      "id": "relation/3628207"
    },
    {
      "type": "Feature",
      "properties": {
        "@id": "relation/19667909",
        "leisure": "park",
        "name": "Chakkarpur Wazirabad Bundh",
        "type": "multipolygon"
      },
      "geometry": {
        "type": "MultiPolygon",
        "coordinates": [
          [
            [
              [
                77.0918979,
                28.4413102
              ],
              [
                77.0921389,
                28.4409697
              ],
              [
                77.0925038,
                28.4403991
              ],
              [
                77.0928173,
                28.4399232
              ],
              [
                77.0929339,
                28.4396133
              ],
              [
                77.0930754,
                28.4390917
              ],
              [
                77.0932758,
                28.4384117
              ],
              [
                77.0934933,
                28.4375395
              ],
              [
                77.093596,
                28.4370787
              ],
              [
                77.0937094,
                28.4366147
              ],
              [
                77.0937953,
                28.4360983
              ],
              [
                77.0939195,
                28.4355525
              ],
              [
                77.0940377,
                28.4350896
              ],
              [
                77.0941451,
                28.4345889
              ],
              [
                77.0942621,
                28.4341092
              ],
              [
                77.09436,
                28.4336662
              ],
              [
                77.0944745,
                28.4332579
              ],
              [
                77.0945223,
                28.4331151
              ],
              [
                77.0946572,
                28.4330994
              ],
              [
                77.0948147,
                28.4324926
              ],
              [
                77.0949878,
                28.431973
              ],
              [
                77.0952015,
                28.4315091
              ],
              [
                77.0952946,
                28.4313338
              ],
              [
                77.0953808,
                28.4313538
              ],
              [
                77.0954593,
                28.4313705
              ],
              [
                77.0952421,
                28.4320286
              ],
              [
                77.094912,
                28.4327816
              ],
              [
                77.0948053,
                28.4332356
              ],
              [
                77.094706,
                28.4332377
              ],
              [
                77.0943884,
                28.4343443
              ],
              [
                77.0941054,
                28.435466
              ],
              [
                77.0939267,
                28.4362212
              ],
              [
                77.0939441,
                28.4368999
              ],
              [
                77.0936984,
                28.4380544
              ],
              [
                77.0934577,
                28.4389775
              ],
              [
                77.0932442,
                28.4397719
              ],
              [
                77.0931474,
                28.4400054
              ],
              [
                77.0926684,
                28.4405619
              ],
              [
                77.0921448,
                28.4414741
              ],
              [
                77.0918979,
                28.4413102
              ]
            ]
          ],
          [
            [
              [
                77.0880474,
                28.4478545
              ],
              [
                77.0883069,
                28.4473226
              ],
              [
                77.088595,
                28.4467971
              ],
              [
                77.0888999,
                28.4461727
              ],
              [
                77.0892235,
                28.445593
              ],
              [
                77.0896042,
                28.4449363
              ],
              [
                77.0898079,
                28.44456
              ],
              [
                77.0899933,
                28.4442099
              ],
              [
                77.0901589,
                28.443902
              ],
              [
                77.0902947,
                28.4436501
              ],
              [
                77.0904812,
                28.4433072
              ],
              [
                77.0905464,
                28.443181
              ],
              [
                77.0906796,
                28.4430048
              ],
              [
                77.0909669,
                28.4426241
              ],
              [
                77.0913444,
                28.442124
              ],
              [
                77.0918548,
                28.4414462
              ],
              [
                77.0919097,
                28.4414749
              ],
              [
                77.0920642,
                28.4415755
              ],
              [
                77.0914694,
                28.4423138
              ],
              [
                77.0909634,
                28.4429601
              ],
              [
                77.0905434,
                28.4436321
              ],
              [
                77.090151,
                28.444301
              ],
              [
                77.0897947,
                28.4449306
              ],
              [
                77.0894401,
                28.4455874
              ],
              [
                77.0891027,
                28.4462714
              ],
              [
                77.0887929,
                28.4468708
              ],
              [
                77.0884091,
                28.447694
              ],
              [
                77.0881819,
                28.4481238
              ],
              [
                77.0880474,
                28.4478545
              ]
            ]
          ],
          [
            [
              [
                77.0876527,
                28.4497513
              ],
              [
                77.0876524,
                28.4495387
              ],
              [
                77.0877061,
                28.4491525
              ],
              [
                77.0877433,
                28.4487324
              ],
              [
                77.087848,
                28.4483506
              ],
              [
                77.087987,
                28.4479359
              ],
              [
                77.0880544,
                28.448091
              ],
              [
                77.087987,
                28.4482976
              ],
              [
                77.0879655,
                28.4487539
              ],
              [
                77.0879311,
                28.4493399
              ],
              [
                77.0879182,
                28.4497533
              ],
              [
                77.0876527,
                28.4497513
              ]
            ]
          ],
          [
            [
              [
                77.0887925,
                28.4545598
              ],
              [
                77.0887561,
                28.4544862
              ],
              [
                77.0886388,
                28.4540361
              ],
              [
                77.0888247,
                28.4536288
              ],
              [
                77.0886686,
                28.4532521
              ],
              [
                77.0885145,
                28.4528947
              ],
              [
                77.0883455,
                28.4524044
              ],
              [
                77.0883237,
                28.4523449
              ],
              [
                77.0880404,
                28.4519368
              ],
              [
                77.0879548,
                28.4515847
              ],
              [
                77.0878629,
                28.451212
              ],
              [
                77.0877567,
                28.4507662
              ],
              [
                77.0876048,
                28.4500781
              ],
              [
                77.0876771,
                28.4499752
              ],
              [
                77.087832,
                28.4499676
              ],
              [
                77.0878544,
                28.4501084
              ],
              [
                77.0878613,
                28.4503081
              ],
              [
                77.0879955,
                28.4508696
              ],
              [
                77.0881005,
                28.4513765
              ],
              [
                77.0881918,
                28.451823
              ],
              [
                77.0882313,
                28.4519713
              ],
              [
                77.0883708,
                28.4522164
              ],
              [
                77.0884999,
                28.4525599
              ],
              [
                77.0888017,
                28.4532516
              ],
              [
                77.0888948,
                28.4534961
              ],
              [
                77.0889271,
                28.453706
              ],
              [
                77.0888998,
                28.4539104
              ],
              [
                77.0889314,
                28.4541737
              ],
              [
                77.0889045,
                28.4543343
              ],
              [
                77.0890084,
                28.4544726
              ],
              [
                77.0887925,
                28.4545598
              ]
            ]
          ],
          [
            [
              [
                77.0894073,
                28.4561527
              ],
              [
                77.0893958,
                28.4559751
              ],
              [
                77.089382,
                28.4557631
              ],
              [
                77.0893044,
                28.455486
              ],
              [
                77.0892268,
                28.4552436
              ],
              [
                77.089185,
                28.4550662
              ],
              [
                77.0890549,
                28.4549067
              ],
              [
                77.0889761,
                28.4547661
              ],
              [
                77.0889415,
                28.4546454
              ],
              [
                77.0890895,
                28.4546024
              ],
              [
                77.089333,
                28.4548542
              ],
              [
                77.0894619,
                28.4551376
              ],
              [
                77.0895073,
                28.4554105
              ],
              [
                77.0895407,
                28.4558554
              ],
              [
                77.0895317,
                28.4561468
              ],
              [
                77.0894073,
                28.4561527
              ]
            ]
          ],
          [
            [
              [
                77.0897696,
                28.4620292
              ],
              [
                77.0924711,
                28.4624111
              ],
              [
                77.09244,
                28.4625378
              ],
              [
                77.0923512,
                28.462616
              ],
              [
                77.0922611,
                28.4626249
              ],
              [
                77.0897826,
                28.4622223
              ],
              [
                77.0896322,
                28.4621995
              ],
              [
                77.0896173,
                28.4620046
              ],
              [
                77.0895567,
                28.4617966
              ],
              [
                77.0895507,
                28.4616847
              ],
              [
                77.0896054,
                28.4615746
              ],
              [
                77.0897078,
                28.4614497
              ],
              [
                77.0897416,
                28.4613824
              ],
              [
                77.0897475,
                28.4613028
              ],
              [
                77.0897217,
                28.4612067
              ],
              [
                77.0897237,
                28.4610643
              ],
              [
                77.0897008,
                28.4609209
              ],
              [
                77.089671,
                28.4608667
              ],
              [
                77.0895994,
                28.4608239
              ],
              [
                77.0895129,
                28.4607654
              ],
              [
                77.0894891,
                28.4607388
              ],
              [
                77.089445,
                28.4601217
              ],
              [
                77.0894127,
                28.459617
              ],
              [
                77.0894091,
                28.4595414
              ],
              [
                77.0893936,
                28.4592874
              ],
              [
                77.0893669,
                28.4586942
              ],
              [
                77.0893945,
                28.4584375
              ],
              [
                77.0893889,
                28.4578867
              ],
              [
                77.0893849,
                28.4574978
              ],
              [
                77.0893859,
                28.4571508
              ],
              [
                77.089382,
                28.4568694
              ],
              [
                77.0893879,
                28.4566273
              ],
              [
                77.0893959,
                28.4562148
              ],
              [
                77.0894532,
                28.4562125
              ],
              [
                77.0895092,
                28.4562139
              ],
              [
                77.089545,
                28.4566824
              ],
              [
                77.0895271,
                28.4571264
              ],
              [
                77.0895191,
                28.4575485
              ],
              [
                77.0895162,
                28.4579627
              ],
              [
                77.0895171,
                28.4583508
              ],
              [
                77.0895231,
                28.4587423
              ],
              [
                77.089548,
                28.4591251
              ],
              [
                77.0895619,
                28.4595577
              ],
              [
                77.0895718,
                28.4599772
              ],
              [
                77.0895688,
                28.4603766
              ],
              [
                77.0895748,
                28.4606763
              ],
              [
                77.0896921,
                28.4607698
              ],
              [
                77.0897796,
                28.4608511
              ],
              [
                77.0898015,
                28.4609656
              ],
              [
                77.0898372,
                28.4611596
              ],
              [
                77.0898412,
                28.4613029
              ],
              [
                77.0898293,
                28.4614008
              ],
              [
                77.0897587,
                28.4615494
              ],
              [
                77.0896951,
                28.4616534
              ],
              [
                77.0896822,
                28.4617023
              ],
              [
                77.0897011,
                28.4617679
              ],
              [
                77.0897696,
                28.4620292
              ]
            ]
          ],
          [
            [
              [
                77.0877228,
                28.4678843
              ],
              [
                77.0878395,
                28.4673018
              ],
              [
                77.0879239,
                28.4669832
              ],
              [
                77.08811,
                28.4665796
              ],
              [
                77.0882788,
                28.4662087
              ],
              [
                77.088517,
                28.4656785
              ],
              [
                77.0887354,
                28.4652073
              ],
              [
                77.0889911,
                28.4645942
              ],
              [
                77.0893311,
                28.4638262
              ],
              [
                77.0895396,
                28.4632742
              ],
              [
                77.0896488,
                28.4630211
              ],
              [
                77.0896884,
                28.4629009
              ],
              [
                77.0896841,
                28.4627446
              ],
              [
                77.0896426,
                28.4625568
              ],
              [
                77.0896297,
                28.4624283
              ],
              [
                77.0896769,
                28.4624392
              ],
              [
                77.0897601,
                28.4624497
              ],
              [
                77.0897859,
                28.4626148
              ],
              [
                77.089869,
                28.4628278
              ],
              [
                77.0898791,
                28.4629286
              ],
              [
                77.0897501,
                28.4632461
              ],
              [
                77.0895422,
                28.4637615
              ],
              [
                77.0892814,
                28.4643991
              ],
              [
                77.0891165,
                28.4647822
              ],
              [
                77.0888714,
                28.4653732
              ],
              [
                77.0886421,
                28.4659163
              ],
              [
                77.0884056,
                28.4665123
              ],
              [
                77.0881805,
                28.4670252
              ],
              [
                77.0879727,
                28.4675934
              ],
              [
                77.0878981,
                28.4678858
              ],
              [
                77.0877228,
                28.4678843
              ]
            ]
          ],
          [
            [
              [
                77.0890211,
                28.4707775
              ],
              [
                77.0877494,
                28.4703218
              ],
              [
                77.0876093,
                28.4702312
              ],
              [
                77.087498,
                28.4700709
              ],
              [
                77.0874567,
                28.4699992
              ],
              [
                77.0873187,
                28.4697592
              ],
              [
                77.0871301,
                28.4694956
              ],
              [
                77.0869961,
                28.4691006
              ],
              [
                77.0870177,
                28.4689258
              ],
              [
                77.0871074,
                28.4686649
              ],
              [
                77.0875237,
                28.4680615
              ],
              [
                77.0878999,
                28.4680597
              ],
              [
                77.087801,
                28.4681901
              ],
              [
                77.0876721,
                28.4682055
              ],
              [
                77.087329,
                28.4687446
              ],
              [
                77.0872661,
                28.4689575
              ],
              [
                77.0872826,
                28.4690979
              ],
              [
                77.0873805,
                28.4694385
              ],
              [
                77.0874722,
                28.469694
              ],
              [
                77.0876752,
                28.4700292
              ],
              [
                77.0882183,
                28.4702874
              ],
              [
                77.089152,
                28.4705727
              ],
              [
                77.0890211,
                28.4707775
              ]
            ]
          ],
          [
            [
              [
                77.0935196,
                28.4721296
              ],
              [
                77.0935408,
                28.4723706
              ],
              [
                77.0927846,
                28.4721161
              ],
              [
                77.0915205,
                28.4716679
              ],
              [
                77.0906233,
                28.4713724
              ],
              [
                77.0901379,
                28.4711947
              ],
              [
                77.0891072,
                28.470824
              ],
              [
                77.0891322,
                28.4707912
              ],
              [
                77.0891937,
                28.470709
              ],
              [
                77.0892095,
                28.4706748
              ],
              [
                77.0900681,
                28.4709918
              ],
              [
                77.091115,
                28.4713582
              ],
              [
                77.0921207,
                28.4717125
              ],
              [
                77.093255,
                28.472092
              ],
              [
                77.0935133,
                28.4720933
              ],
              [
                77.0935196,
                28.4721296
              ]
            ]
          ]
        ]
      },
      "id": "relation/19667909"
    },
    {
      "type": "Feature",
      "properties": {
        "@id": "relation/19797903",
        "fixme": "Survey on foot using GPS traces, seems some portions of this go all the way to Aravali Biodiversity Park and some portions are blocked off",
        "leisure": "park",
        "name": "Aravali Creek",
        "type": "multipolygon"
      },
      "geometry": {
        "type": "MultiPolygon",
        "coordinates": [
          [
            [
              [
                77.1015208,
                28.4636785
              ],
              [
                77.10156,
                28.4634603
              ],
              [
                77.1051083,
                28.4637316
              ],
              [
                77.1050936,
                28.4638034
              ],
              [
                77.1050478,
                28.4638852
              ],
              [
                77.1049678,
                28.4639311
              ],
              [
                77.1048307,
                28.4639527
              ],
              [
                77.1015208,
                28.4636785
              ]
            ]
          ],
          [
            [
              [
                77.0925911,
                28.4624832
              ],
              [
                77.0926491,
                28.4624171
              ],
              [
                77.0941371,
                28.4627186
              ],
              [
                77.0945538,
                28.4627834
              ],
              [
                77.0946853,
                28.4627503
              ],
              [
                77.0947856,
                28.462687
              ],
              [
                77.0948561,
                28.4625424
              ],
              [
                77.0950252,
                28.4620205
              ],
              [
                77.0952868,
                28.4620825
              ],
              [
                77.0951122,
                28.4625923
              ],
              [
                77.0950675,
                28.4627228
              ],
              [
                77.0949783,
                28.4628095
              ],
              [
                77.0948514,
                28.4628949
              ],
              [
                77.0947198,
                28.4629445
              ],
              [
                77.0945538,
                28.4629445
              ],
              [
                77.0943298,
                28.4629183
              ],
              [
                77.0925645,
                28.4626415
              ],
              [
                77.0925911,
                28.4624832
              ]
            ]
          ],
          [
            [
              [
                77.095881,
                28.4624308
              ],
              [
                77.0960091,
                28.4622148
              ],
              [
                77.0963629,
                28.4624855
              ],
              [
                77.0968754,
                28.4626897
              ],
              [
                77.0969404,
                28.4626788
              ],
              [
                77.0974998,
                28.462815
              ],
              [
                77.097845,
                28.462936
              ],
              [
                77.097998,
                28.4631302
              ],
              [
                77.0980688,
                28.4631529
              ],
              [
                77.0996131,
                28.463274
              ],
              [
                77.1013879,
                28.4634043
              ],
              [
                77.10134,
                28.4636649
              ],
              [
                77.1002289,
                28.4635993
              ],
              [
                77.098959,
                28.4635085
              ],
              [
                77.0979799,
                28.4634194
              ],
              [
                77.0978709,
                28.4632908
              ],
              [
                77.0977791,
                28.4630907
              ],
              [
                77.0976882,
                28.4630117
              ],
              [
                77.0974444,
                28.4629175
              ],
              [
                77.0973124,
                28.4628848
              ],
              [
                77.096798,
                28.4628873
              ],
              [
                77.0961535,
                28.4626191
              ],
              [
                77.095881,
                28.4624308
              ]
            ]
          ]
        ]
      },
      "id": "relation/19797903"
    },
    {
      "type": "Feature",
      "properties": {
        "@id": "relation/20247822",
        "access": "private",
        "leisure": "park",
        "name": "Rose Garden",
        "operator": "Govt. College, Sector-9",
        "type": "multipolygon"
      },
      "geometry": {
        "type": "Polygon",
        "coordinates": [
          [
            [
              76.9963871,
              28.4588655
            ],
            [
              76.9961812,
              28.458872
            ],
            [
              76.9961676,
              28.4585375
            ],
            [
              76.9963736,
              28.4585311
            ],
            [
              76.9963871,
              28.4588655
            ]
          ],
          [
            [
              76.9962383,
              28.4587825
            ],
            [
              76.9962416,
              28.4587944
            ],
            [
              76.9962492,
              28.4588048
            ],
            [
              76.9962604,
              28.4588122
            ],
            [
              76.9962729,
              28.4588159
            ],
            [
              76.9962861,
              28.4588159
            ],
            [
              76.9962986,
              28.4588123
            ],
            [
              76.9963092,
              28.4588054
            ],
            [
              76.9963167,
              28.4587959
            ],
            [
              76.9963205,
              28.4587848
            ],
            [
              76.9963202,
              28.4587732
            ],
            [
              76.9963157,
              28.4587623
            ],
            [
              76.9963075,
              28.4587532
            ],
            [
              76.9962957,
              28.4587465
            ],
            [
              76.9962821,
              28.4587437
            ],
            [
              76.9962682,
              28.458745
            ],
            [
              76.9962556,
              28.4587504
            ],
            [
              76.9962457,
              28.4587591
            ],
            [
              76.9962397,
              28.4587702
            ],
            [
              76.9962383,
              28.4587825
            ]
          ],
          [
            [
              76.9962352,
              28.4586488
            ],
            [
              76.9962385,
              28.4586608
            ],
            [
              76.9962462,
              28.4586711
            ],
            [
              76.9962573,
              28.4586786
            ],
            [
              76.9962699,
              28.4586822
            ],
            [
              76.996283,
              28.4586823
            ],
            [
              76.9962956,
              28.4586786
            ],
            [
              76.9963061,
              28.4586717
            ],
            [
              76.9963137,
              28.4586622
            ],
            [
              76.9963175,
              28.4586511
            ],
            [
              76.9963171,
              28.4586396
            ],
            [
              76.9963126,
              28.4586287
            ],
            [
              76.9963045,
              28.4586196
            ],
            [
              76.9962927,
              28.4586129
            ],
            [
              76.9962791,
              28.4586101
            ],
            [
              76.9962651,
              28.4586114
            ],
            [
              76.9962525,
              28.4586167
            ],
            [
              76.9962426,
              28.4586255
            ],
            [
              76.9962367,
              28.4586366
            ],
            [
              76.9962352,
              28.4586488
            ]
          ]
        ]
      },
      "id": "relation/20247822"
    },
    {
      "type": "Feature",
      "properties": {
        "@id": "way/23505316",
        "leisure": "park"
      },
      "geometry": {
        "type": "Polygon",
        "coordinates": [
          [
            [
              77.097971,
              28.494354
            ],
            [
              77.0986776,
              28.4939993
            ],
            [
              77.0990306,
              28.4945425
            ],
            [
              77.098324,
              28.4948972
            ],
            [
              77.097971,
              28.494354
            ]
          ]
        ]
      },
      "id": "way/23505316"
    },
    {
      "type": "Feature",
      "properties": {
        "@id": "way/24501701",
        "barrier": "wall",
        "leisure": "park",
        "name": "Leisure Valley Park",
        "tourism": "attraction"
      },
      "geometry": {
        "type": "Polygon",
        "coordinates": [
          [
            [
              77.0670805,
              28.4713976
            ],
            [
              77.0649769,
              28.4696996
            ],
            [
              77.0638157,
              28.4708113
            ],
            [
              77.0629772,
              28.4701345
            ],
            [
              77.0662558,
              28.4669958
            ],
            [
              77.0675684,
              28.4680543
            ],
            [
              77.068098,
              28.468484
            ],
            [
              77.0691978,
              28.4693707
            ],
            [
              77.0670805,
              28.4713976
            ]
          ]
        ]
      },
      "id": "way/24501701"
    },
    {
      "type": "Feature",
      "properties": {
        "@id": "way/24530530",
        "created_by": "Potlatch 0.9a",
        "leisure": "park"
      },
      "geometry": {
        "type": "Polygon",
        "coordinates": [
          [
            [
              77.0442941,
              28.4193727
            ],
            [
              77.0440629,
              28.4189794
            ],
            [
              77.0443495,
              28.418846
            ],
            [
              77.0445788,
              28.4192401
            ],
            [
              77.0442941,
              28.4193727
            ]
          ]
        ]
      },
      "id": "way/24530530"
    },
    {
      "type": "Feature",
      "properties": {
        "@id": "way/24530533",
        "created_by": "Potlatch 0.9a",
        "leisure": "park"
      },
      "geometry": {
        "type": "Polygon",
        "coordinates": [
          [
            [
              77.0436268,
              28.4196837
            ],
            [
              77.0433863,
              28.4192943
            ],
            [
              77.0436236,
              28.4191839
            ],
            [
              77.0438641,
              28.4195732
            ],
            [
              77.0436268,
              28.4196837
            ]
          ]
        ]
      },
      "id": "way/24530533"
    },
    {
      "type": "Feature",
      "properties": {
        "@id": "way/24530535",
        "created_by": "Potlatch 0.9a",
        "leisure": "park"
      },
      "geometry": {
        "type": "Polygon",
        "coordinates": [
          [
            [
              77.0429958,
              28.4201401
            ],
            [
              77.0426668,
              28.4196292
            ],
            [
              77.0429052,
              28.4195183
            ],
            [
              77.0432305,
              28.4200232
            ],
            [
              77.0429958,
              28.4201401
            ]
          ]
        ]
      },
      "id": "way/24530535"
    },
    {
      "type": "Feature",
      "properties": {
        "@id": "way/24636425",
        "landuse": "grass",
        "leisure": "park"
      },
      "geometry": {
        "type": "Polygon",
        "coordinates": [
          [
            [
              77.0524209,
              28.4551108
            ],
            [
              77.0529406,
              28.455657
            ],
            [
              77.0522963,
              28.4561395
            ],
            [
              77.0517679,
              28.4556061
            ],
            [
              77.0524209,
              28.4551108
            ]
          ]
        ]
      },
      "id": "way/24636425"
    },
    {
      "type": "Feature",
      "properties": {
        "@id": "way/24636515",
        "created_by": "Potlatch 0.9c",
        "leisure": "park"
      },
      "geometry": {
        "type": "Polygon",
        "coordinates": [
          [
            [
              77.0585756,
              28.4184038
            ],
            [
              77.0580263,
              28.4184114
            ],
            [
              77.0580263,
              28.4178754
            ],
            [
              77.0585928,
              28.4178754
            ],
            [
              77.0585756,
              28.4184038
            ]
          ]
        ]
      },
      "id": "way/24636515"
    },
    {
      "type": "Feature",
      "properties": {
        "@id": "way/24636531",
        "created_by": "Potlatch 0.9c",
        "leisure": "park"
      },
      "geometry": {
        "type": "Polygon",
        "coordinates": [
          [
            [
              77.0441012,
              28.4162667
            ],
            [
              77.0441021,
              28.4160629
            ],
            [
              77.0445702,
              28.4160643
            ],
            [
              77.0445693,
              28.4162681
            ],
            [
              77.0441012,
              28.4162667
            ]
          ]
        ]
      },
      "id": "way/24636531"
    },
    {
      "type": "Feature",
      "properties": {
        "@id": "way/24636550",
        "created_by": "Potlatch 0.9c",
        "leisure": "park"
      },
      "geometry": {
        "type": "Polygon",
        "coordinates": [
          [
            [
              77.0432634,
              28.4160863
            ],
            [
              77.0440273,
              28.4160939
            ],
            [
              77.0440531,
              28.4171658
            ],
            [
              77.0439243,
              28.4171583
            ],
            [
              77.0432634,
              28.4160863
            ]
          ]
        ]
      },
      "id": "way/24636550"
    },
    {
      "type": "Feature",
      "properties": {
        "@id": "way/24636553",
        "leisure": "park"
      },
      "geometry": {
        "type": "Polygon",
        "coordinates": [
          [
            [
              77.0531137,
              28.417546
            ],
            [
              77.0531008,
              28.4168208
            ],
            [
              77.0534344,
              28.4168186
            ],
            [
              77.0531137,
              28.417546
            ]
          ]
        ]
      },
      "id": "way/24636553"
    },
    {
      "type": "Feature",
      "properties": {
        "@id": "way/24636558",
        "leisure": "park"
      },
      "geometry": {
        "type": "Polygon",
        "coordinates": [
          [
            [
              77.0520479,
              28.4168004
            ],
            [
              77.0525286,
              28.4168004
            ],
            [
              77.0525371,
              28.4169891
            ],
            [
              77.0520307,
              28.4169816
            ],
            [
              77.0520479,
              28.4168004
            ]
          ]
        ]
      },
      "id": "way/24636558"
    },
    {
      "type": "Feature",
      "properties": {
        "@id": "way/24636575",
        "created_by": "Potlatch 0.9c",
        "leisure": "park"
      },
      "geometry": {
        "type": "Polygon",
        "coordinates": [
          [
            [
              77.0365365,
              28.4480291
            ],
            [
              77.0370263,
              28.4476305
            ],
            [
              77.0389912,
              28.4495535
            ],
            [
              77.0383646,
              28.4500289
            ],
            [
              77.0365365,
              28.4480291
            ]
          ]
        ]
      },
      "id": "way/24636575"
    },
    {
      "type": "Feature",
      "properties": {
        "@id": "way/24636576",
        "leisure": "park"
      },
      "geometry": {
        "type": "Polygon",
        "coordinates": [
          [
            [
              77.038929,
              28.4503454
            ],
            [
              77.0394783,
              28.4498926
            ],
            [
              77.0413689,
              28.4519361
            ],
            [
              77.041406,
              28.4521448
            ],
            [
              77.0409632,
              28.4525641
            ],
            [
              77.038929,
              28.4503454
            ]
          ]
        ]
      },
      "id": "way/24636576"
    },
    {
      "type": "Feature",
      "properties": {
        "@id": "way/24636578",
        "barrier": "wall",
        "leisure": "park"
      },
      "geometry": {
        "type": "Polygon",
        "coordinates": [
          [
            [
              77.0411992,
              28.4529908
            ],
            [
              77.0418463,
              28.4524944
            ],
            [
              77.042036,
              28.4526971
            ],
            [
              77.0467796,
              28.4576228
            ],
            [
              77.0461767,
              28.4581317
            ],
            [
              77.0457014,
              28.4576409
            ],
            [
              77.042792,
              28.454636
            ],
            [
              77.0422393,
              28.4540651
            ],
            [
              77.0411992,
              28.4529908
            ]
          ]
        ]
      },
      "id": "way/24636578"
    },
    {
      "type": "Feature",
      "properties": {
        "@id": "way/24636579",
        "created_by": "Potlatch 0.9c",
        "leisure": "park"
      },
      "geometry": {
        "type": "Polygon",
        "coordinates": [
          [
            [
              77.0462576,
              28.4595761
            ],
            [
              77.0457484,
              28.459055
            ],
            [
              77.0460694,
              28.4588125
            ],
            [
              77.0465786,
              28.4593337
            ],
            [
              77.0462576,
              28.4595761
            ]
          ]
        ]
      },
      "id": "way/24636579"
    },
    {
      "type": "Feature",
      "properties": {
        "@id": "way/24636597",
        "leisure": "park",
        "name": "HUDA Garden"
      },
      "geometry": {
        "type": "Polygon",
        "coordinates": [
          [
            [
              77.0539829,
              28.4730881
            ],
            [
              77.0545633,
              28.4733454
            ],
            [
              77.0547414,
              28.4735193
            ],
            [
              77.0548171,
              28.4736775
            ],
            [
              77.0524218,
              28.4764783
            ],
            [
              77.0517255,
              28.4760381
            ],
            [
              77.0536052,
              28.4738425
            ],
            [
              77.0539829,
              28.4730881
            ]
          ]
        ]
      },
      "id": "way/24636597"
    },
    {
      "type": "Feature",
      "properties": {
        "@id": "way/24636676",
        "created_by": "Potlatch 0.9c",
        "leisure": "park"
      },
      "geometry": {
        "type": "Polygon",
        "coordinates": [
          [
            [
              77.0552282,
              28.4768454
            ],
            [
              77.0560436,
              28.4772603
            ],
            [
              77.0557604,
              28.4776979
            ],
            [
              77.0551166,
              28.4770038
            ],
            [
              77.0552282,
              28.4768454
            ]
          ]
        ]
      },
      "id": "way/24636676"
    },
    {
      "type": "Feature",
      "properties": {
        "@id": "way/24636700",
        "created_by": "Potlatch 0.9c",
        "leisure": "park"
      },
      "geometry": {
        "type": "Polygon",
        "coordinates": [
          [
            [
              77.0556145,
              28.4741218
            ],
            [
              77.0545587,
              28.4755024
            ],
            [
              77.0543549,
              28.4753855
            ],
            [
              77.0554503,
              28.4739689
            ],
            [
              77.0556145,
              28.4741218
            ]
          ]
        ]
      },
      "id": "way/24636700"
    },
    {
      "type": "Feature",
      "properties": {
        "@id": "way/24636726",
        "created_by": "Potlatch 0.9c",
        "leisure": "park"
      },
      "geometry": {
        "type": "Polygon",
        "coordinates": [
          [
            [
              77.0669821,
              28.4806596
            ],
            [
              77.0662121,
              28.4811521
            ],
            [
              77.0659651,
              28.4808554
            ],
            [
              77.066694,
              28.4803201
            ],
            [
              77.0669821,
              28.4806596
            ]
          ]
        ]
      },
      "id": "way/24636726"
    },
    {
      "type": "Feature",
      "properties": {
        "@id": "way/24636733",
        "created_by": "Potlatch 0.9c",
        "leisure": "park"
      },
      "geometry": {
        "type": "Polygon",
        "coordinates": [
          [
            [
              77.0684547,
              28.4786787
            ],
            [
              77.0690212,
              28.4791766
            ],
            [
              77.0686951,
              28.4794332
            ],
            [
              77.0681887,
              28.4788598
            ],
            [
              77.0684547,
              28.4786787
            ]
          ]
        ]
      },
      "id": "way/24636733"
    },
    {
      "type": "Feature",
      "properties": {
        "@id": "way/24636744",
        "leisure": "park"
      },
      "geometry": {
        "type": "Polygon",
        "coordinates": [
          [
            [
              77.0647592,
              28.4757973
            ],
            [
              77.0655719,
              28.4763995
            ],
            [
              77.0655372,
              28.4766248
            ],
            [
              77.0654054,
              28.4766706
            ],
            [
              77.0651816,
              28.4766577
            ],
            [
              77.0648827,
              28.4766002
            ],
            [
              77.0647592,
              28.4757973
            ]
          ]
        ]
      },
      "id": "way/24636744"
    },
    {
      "type": "Feature",
      "properties": {
        "@id": "way/24636745",
        "leisure": "park"
      },
      "geometry": {
        "type": "Polygon",
        "coordinates": [
          [
            [
              77.0655807,
              28.4767041
            ],
            [
              77.0656615,
              28.4763321
            ],
            [
              77.0656267,
              28.4762926
            ],
            [
              77.0657558,
              28.4762087
            ],
            [
              77.0660587,
              28.4764331
            ],
            [
              77.0661242,
              28.4763666
            ],
            [
              77.0661663,
              28.4764769
            ],
            [
              77.0661364,
              28.4765872
            ],
            [
              77.066023,
              28.476725
            ],
            [
              77.0658548,
              28.4767757
            ],
            [
              77.0656971,
              28.476753
            ],
            [
              77.0655807,
              28.4767041
            ]
          ]
        ]
      },
      "id": "way/24636745"
    },
    {
      "type": "Feature",
      "properties": {
        "@id": "way/24636783",
        "created_by": "Potlatch 0.9c",
        "leisure": "park"
      },
      "geometry": {
        "type": "Polygon",
        "coordinates": [
          [
            [
              77.0471258,
              28.4764531
            ],
            [
              77.0482502,
              28.4770944
            ],
            [
              77.0479584,
              28.4774716
            ],
            [
              77.0477266,
              28.4773358
            ],
            [
              77.0475121,
              28.4775923
            ],
            [
              77.0471859,
              28.4772528
            ],
            [
              77.0468381,
              28.4767481
            ],
            [
              77.0468168,
              28.4767171
            ],
            [
              77.0471258,
              28.4764531
            ]
          ]
        ]
      },
      "id": "way/24636783"
    },
    {
      "type": "Feature",
      "properties": {
        "@id": "way/24636817",
        "created_by": "Potlatch 0.9c",
        "leisure": "park"
      },
      "geometry": {
        "type": "Polygon",
        "coordinates": [
          [
            [
              77.0446855,
              28.4714702
            ],
            [
              77.0453808,
              28.4711231
            ],
            [
              77.0456383,
              28.471523
            ],
            [
              77.0449259,
              28.4718852
            ],
            [
              77.0446855,
              28.4714702
            ]
          ]
        ]
      },
      "id": "way/24636817"
    },
    {
      "type": "Feature",
      "properties": {
        "@id": "way/24636830",
        "created_by": "Potlatch 0.9c",
        "leisure": "park"
      },
      "geometry": {
        "type": "Polygon",
        "coordinates": [
          [
            [
              77.0471773,
              28.4752157
            ],
            [
              77.046525,
              28.4747555
            ],
            [
              77.0467567,
              28.4744764
            ],
            [
              77.0474777,
              28.4748461
            ],
            [
              77.0471773,
              28.4752157
            ]
          ]
        ]
      },
      "id": "way/24636830"
    },
    {
      "type": "Feature",
      "properties": {
        "@id": "way/24672087",
        "created_by": "Potlatch 0.9c",
        "leisure": "park"
      },
      "geometry": {
        "type": "Polygon",
        "coordinates": [
          [
            [
              77.0840087,
              28.4586729
            ],
            [
              77.0843005,
              28.4572995
            ],
            [
              77.0844293,
              28.4573222
            ],
            [
              77.0845151,
              28.4574806
            ],
            [
              77.0842404,
              28.4587106
            ],
            [
              77.0840087,
              28.4586729
            ]
          ]
        ]
      },
      "id": "way/24672087"
    },
    {
      "type": "Feature",
      "properties": {
        "@id": "way/24672091",
        "created_by": "Potlatch 0.9c",
        "leisure": "park"
      },
      "geometry": {
        "type": "Polygon",
        "coordinates": [
          [
            [
              77.0857231,
              28.4556071
            ],
            [
              77.0857231,
              28.4554788
            ],
            [
              77.0861866,
              28.4552223
            ],
            [
              77.0863926,
              28.4556298
            ],
            [
              77.0857231,
              28.4556071
            ]
          ]
        ]
      },
      "id": "way/24672091"
    },
    {
      "type": "Feature",
      "properties": {
        "@id": "way/24672094",
        "created_by": "Potlatch 0.9c",
        "leisure": "park"
      },
      "geometry": {
        "type": "Polygon",
        "coordinates": [
          [
            [
              77.0759063,
              28.4556771
            ],
            [
              77.076447,
              28.4556771
            ],
            [
              77.0764556,
              28.4563563
            ],
            [
              77.0758805,
              28.4563487
            ],
            [
              77.0759063,
              28.4556771
            ]
          ]
        ]
      },
      "id": "way/24672094"
    },
    {
      "type": "Feature",
      "properties": {
        "@id": "way/24672095",
        "fixme": "Footpath and entrance to map",
        "leisure": "park"
      },
      "geometry": {
        "type": "Polygon",
        "coordinates": [
          [
            [
              77.0751681,
              28.4628683
            ],
            [
              77.0753055,
              28.4619629
            ],
            [
              77.0753398,
              28.4614573
            ],
            [
              77.075666,
              28.4614724
            ],
            [
              77.075666,
              28.4628683
            ],
            [
              77.0751681,
              28.4628683
            ]
          ]
        ]
      },
      "id": "way/24672095"
    },
    {
      "type": "Feature",
      "properties": {
        "@id": "way/25657420",
        "leisure": "park"
      },
      "geometry": {
        "type": "Polygon",
        "coordinates": [
          [
            [
              77.0551041,
              28.4194553
            ],
            [
              77.05511,
              28.4191746
            ],
            [
              77.0560463,
              28.4191958
            ],
            [
              77.0560404,
              28.4194747
            ],
            [
              77.0551041,
              28.4194553
            ]
          ]
        ]
      },
      "id": "way/25657420"
    },
    {
      "type": "Feature",
      "properties": {
        "@id": "way/28845738",
        "landuse": "grass",
        "leisure": "park"
      },
      "geometry": {
        "type": "Polygon",
        "coordinates": [
          [
            [
              77.0536353,
              28.4194105
            ],
            [
              77.0540571,
              28.4185436
            ],
            [
              77.0540794,
              28.4194297
            ],
            [
              77.0536353,
              28.4194105
            ]
          ]
        ]
      },
      "id": "way/28845738"
    },
    {
      "type": "Feature",
      "properties": {
        "@id": "way/34940769",
        "leisure": "park",
        "name": "Sector 45 Community park"
      },
      "geometry": {
        "type": "Polygon",
        "coordinates": [
          [
            [
              77.0663275,
              28.4416059
            ],
            [
              77.0667343,
              28.4412863
            ],
            [
              77.0684904,
              28.4429921
            ],
            [
              77.0680099,
              28.4433516
            ],
            [
              77.0663275,
              28.4416059
            ]
          ]
        ]
      },
      "id": "way/34940769"
    },
    {
      "type": "Feature",
      "properties": {
        "@id": "way/34940770",
        "leisure": "park"
      },
      "geometry": {
        "type": "Polygon",
        "coordinates": [
          [
            [
              77.068017,
              28.4416231
            ],
            [
              77.0683121,
              28.4413993
            ],
            [
              77.0684741,
              28.4415622
            ],
            [
              77.0681725,
              28.4417862
            ],
            [
              77.068017,
              28.4416231
            ]
          ]
        ]
      },
      "id": "way/34940770"
    },
    {
      "type": "Feature",
      "properties": {
        "@id": "way/35463239",
        "leisure": "park",
        "name": "Tau Devi Lal Park",
        "name:etymology:wikidata": "Q1764533"
      },
      "geometry": {
        "type": "Polygon",
        "coordinates": [
          [
            [
              77.0523175,
              28.502552
            ],
            [
              77.0563992,
              28.5025356
            ],
            [
              77.0564114,
              28.5019804
            ],
            [
              77.0566703,
              28.5019804
            ],
            [
              77.0566961,
              28.5012599
            ],
            [
              77.0568708,
              28.5012626
            ],
            [
              77.057421,
              28.5012713
            ],
            [
              77.0574114,
              28.5007855
            ],
            [
              77.061353,
              28.5008978
            ],
            [
              77.0613382,
              28.5024959
            ],
            [
              77.0579988,
              28.5023975
            ],
            [
              77.0569806,
              28.5029932
            ],
            [
              77.0560742,
              28.502936
            ],
            [
              77.0551007,
              28.502952
            ],
            [
              77.0550844,
              28.5033665
            ],
            [
              77.0523038,
              28.5034263
            ],
            [
              77.0523175,
              28.502552
            ]
          ]
        ]
      },
      "id": "way/35463239"
    },
    {
      "type": "Feature",
      "properties": {
        "@id": "way/35538751",
        "leisure": "park"
      },
      "geometry": {
        "type": "Polygon",
        "coordinates": [
          [
            [
              77.0324112,
              28.4550737
            ],
            [
              77.0318366,
              28.4548637
            ],
            [
              77.0324884,
              28.4544173
            ],
            [
              77.0324546,
              28.4546988
            ],
            [
              77.0324112,
              28.4550737
            ]
          ]
        ]
      },
      "id": "way/35538751"
    },
    {
      "type": "Feature",
      "properties": {
        "@id": "way/38170389",
        "barrier": "wall",
        "leisure": "park",
        "name": "Vasant Vatika"
      },
      "geometry": {
        "type": "Polygon",
        "coordinates": [
          [
            [
              77.1449607,
              28.5321525
            ],
            [
              77.1478986,
              28.5360866
            ],
            [
              77.1470845,
              28.5365562
            ],
            [
              77.1455633,
              28.5345207
            ],
            [
              77.1449295,
              28.5336726
            ],
            [
              77.1447933,
              28.5334857
            ],
            [
              77.1453405,
              28.5331405
            ],
            [
              77.1447034,
              28.5323179
            ],
            [
              77.1449607,
              28.5321525
            ]
          ]
        ]
      },
      "id": "way/38170389"
    },
    {
      "type": "Feature",
      "properties": {
        "@id": "way/42917634",
        "leisure": "park"
      },
      "geometry": {
        "type": "Polygon",
        "coordinates": [
          [
            [
              77.105519,
              28.4936822
            ],
            [
              77.1054225,
              28.4934278
            ],
            [
              77.1063337,
              28.4931263
            ],
            [
              77.1064516,
              28.4934278
            ],
            [
              77.105519,
              28.4936822
            ]
          ]
        ]
      },
      "id": "way/42917634"
    },
    {
      "type": "Feature",
      "properties": {
        "@id": "way/42917636",
        "leisure": "park"
      },
      "geometry": {
        "type": "Polygon",
        "coordinates": [
          [
            [
              77.1076094,
              28.4942945
            ],
            [
              77.107277,
              28.4935126
            ],
            [
              77.1078023,
              28.493343
            ],
            [
              77.1080917,
              28.4941438
            ],
            [
              77.1076094,
              28.4942945
            ]
          ]
        ]
      },
      "id": "way/42917636"
    },
    {
      "type": "Feature",
      "properties": {
        "@id": "way/45098399",
        "leisure": "park"
      },
      "geometry": {
        "type": "Polygon",
        "coordinates": [
          [
            [
              77.0465653,
              28.4180773
            ],
            [
              77.0465682,
              28.4178209
            ],
            [
              77.0474898,
              28.4178291
            ],
            [
              77.0474868,
              28.4180855
            ],
            [
              77.0465653,
              28.4180773
            ]
          ]
        ]
      },
      "id": "way/45098399"
    },
    {
      "type": "Feature",
      "properties": {
        "@id": "way/45098400",
        "leisure": "park"
      },
      "geometry": {
        "type": "Polygon",
        "coordinates": [
          [
            [
              77.0459346,
              28.4177479
            ],
            [
              77.0459015,
              28.4189307
            ],
            [
              77.0455555,
              28.4187957
            ],
            [
              77.0459346,
              28.4177479
            ]
          ]
        ]
      },
      "id": "way/45098400"
    },
    {
      "type": "Feature",
      "properties": {
        "@id": "way/45252709",
        "landuse": "grass",
        "leisure": "park"
      },
      "geometry": {
        "type": "Polygon",
        "coordinates": [
          [
            [
              77.0567807,
              28.4300295
            ],
            [
              77.057474,
              28.4295156
            ],
            [
              77.0578215,
              28.4298782
            ],
            [
              77.0571282,
              28.4303921
            ],
            [
              77.0567807,
              28.4300295
            ]
          ]
        ]
      },
      "id": "way/45252709"
    },
    {
      "type": "Feature",
      "properties": {
        "@id": "way/45252710",
        "landuse": "grass",
        "leisure": "park"
      },
      "geometry": {
        "type": "Polygon",
        "coordinates": [
          [
            [
              77.0550248,
              28.431389
            ],
            [
              77.0555135,
              28.4310046
            ],
            [
              77.0558697,
              28.4313547
            ],
            [
              77.055381,
              28.4317391
            ],
            [
              77.0550248,
              28.431389
            ]
          ]
        ]
      },
      "id": "way/45252710"
    },
    {
      "type": "Feature",
      "properties": {
        "@id": "way/45300932",
        "landuse": "grass",
        "leisure": "park"
      },
      "geometry": {
        "type": "Polygon",
        "coordinates": [
          [
            [
              77.0585678,
              28.4313664
            ],
            [
              77.0589229,
              28.4311267
            ],
            [
              77.0595131,
              28.4317683
            ],
            [
              77.059193,
              28.4320104
            ],
            [
              77.0585678,
              28.4313664
            ]
          ]
        ]
      },
      "id": "way/45300932"
    },
    {
      "type": "Feature",
      "properties": {
        "@id": "way/45769060",
        "landuse": "grass",
        "leisure": "park"
      },
      "geometry": {
        "type": "Polygon",
        "coordinates": [
          [
            [
              77.0561958,
              28.4325181
            ],
            [
              77.056601,
              28.4322263
            ],
            [
              77.0568651,
              28.43251
            ],
            [
              77.0564606,
              28.4328013
            ],
            [
              77.0561958,
              28.4325181
            ]
          ]
        ]
      },
      "id": "way/45769060"
    },
    {
      "type": "Feature",
      "properties": {
        "@id": "way/45769378",
        "addr:street": "Sec 46",
        "leisure": "park",
        "name": "Sector 46 Central Park",
        "operator": "RWA",
        "operator:type": "private"
      },
      "geometry": {
        "type": "Polygon",
        "coordinates": [
          [
            [
              77.0597368,
              28.4351986
            ],
            [
              77.0602295,
              28.4340165
            ],
            [
              77.060359,
              28.4338067
            ],
            [
              77.0605626,
              28.4336186
            ],
            [
              77.0607298,
              28.4334471
            ],
            [
              77.0609198,
              28.4333485
            ],
            [
              77.061722,
              28.4341682
            ],
            [
              77.0600315,
              28.4354464
            ],
            [
              77.0597368,
              28.4351986
            ]
          ]
        ]
      },
      "id": "way/45769378"
    },
    {
      "type": "Feature",
      "properties": {
        "@id": "way/45769386",
        "landuse": "grass",
        "leisure": "park"
      },
      "geometry": {
        "type": "Polygon",
        "coordinates": [
          [
            [
              77.0604757,
              28.4365718
            ],
            [
              77.0608526,
              28.4362883
            ],
            [
              77.0613222,
              28.4367951
            ],
            [
              77.060948,
              28.4370633
            ],
            [
              77.0604757,
              28.4365718
            ]
          ]
        ]
      },
      "id": "way/45769386"
    },
    {
      "type": "Feature",
      "properties": {
        "@id": "way/61370308",
        "leisure": "park",
        "name": "Tau Devi Lal Bio-Diversity and Botonical Garden",
        "name:etymology:wikidata": "Q1764533"
      },
      "geometry": {
        "type": "Polygon",
        "coordinates": [
          [
            [
              77.0909996,
              28.4344779
            ],
            [
              77.0912675,
              28.4322622
            ],
            [
              77.0914923,
              28.4304035
            ],
            [
              77.0915271,
              28.4303625
            ],
            [
              77.0915999,
              28.4302573
            ],
            [
              77.0916618,
              28.4302155
            ],
            [
              77.0917745,
              28.4302032
            ],
            [
              77.0939128,
              28.4308555
            ],
            [
              77.0952238,
              28.4312554
            ],
            [
              77.0945923,
              28.4327861
            ],
            [
              77.0938917,
              28.4352847
            ],
            [
              77.0909996,
              28.4344779
            ]
          ]
        ]
      },
      "id": "way/61370308"
    },
    {
      "type": "Feature",
      "properties": {
        "@id": "way/144068823",
        "leisure": "park"
      },
      "geometry": {
        "type": "Polygon",
        "coordinates": [
          [
            [
              77.0362933,
              28.4443981
            ],
            [
              77.0364048,
              28.4444498
            ],
            [
              77.0361502,
              28.4448393
            ],
            [
              77.0359285,
              28.4450166
            ],
            [
              77.0354264,
              28.4451798
            ],
            [
              77.0352069,
              28.445154
            ],
            [
              77.0346175,
              28.445022
            ],
            [
              77.0343241,
              28.4449166
            ],
            [
              77.0342729,
              28.4447322
            ],
            [
              77.034309,
              28.4439964
            ],
            [
              77.0352082,
              28.4441941
            ],
            [
              77.0362078,
              28.4444732
            ],
            [
              77.0362933,
              28.4443981
            ]
          ]
        ]
      },
      "id": "way/144068823"
    },
    {
      "type": "Feature",
      "properties": {
        "@id": "way/154343505",
        "leisure": "park"
      },
      "geometry": {
        "type": "Polygon",
        "coordinates": [
          [
            [
              77.0668736,
              28.4389221
            ],
            [
              77.0673828,
              28.438546
            ],
            [
              77.0679081,
              28.4390959
            ],
            [
              77.0673989,
              28.439472
            ],
            [
              77.0668736,
              28.4389221
            ]
          ]
        ]
      },
      "id": "way/154343505"
    },
    {
      "type": "Feature",
      "properties": {
        "@id": "way/168928794",
        "leisure": "park"
      },
      "geometry": {
        "type": "Polygon",
        "coordinates": [
          [
            [
              77.0771847,
              28.4238986
            ],
            [
              77.0772008,
              28.4235636
            ],
            [
              77.0777963,
              28.4235683
            ],
            [
              77.0771847,
              28.4238986
            ]
          ]
        ]
      },
      "id": "way/168928794"
    },
    {
      "type": "Feature",
      "properties": {
        "@id": "way/189047496",
        "leisure": "park"
      },
      "geometry": {
        "type": "Polygon",
        "coordinates": [
          [
            [
              76.919704,
              28.3731523
            ],
            [
              76.9196866,
              28.3728892
            ],
            [
              76.9196943,
              28.372749
            ],
            [
              76.9197429,
              28.3726311
            ],
            [
              76.9199002,
              28.3725354
            ],
            [
              76.920073,
              28.3724295
            ],
            [
              76.9209489,
              28.3723919
            ],
            [
              76.9210752,
              28.3724158
            ],
            [
              76.9211528,
              28.3724722
            ],
            [
              76.921149,
              28.373154
            ],
            [
              76.919704,
              28.3731523
            ]
          ]
        ]
      },
      "id": "way/189047496"
    },
    {
      "type": "Feature",
      "properties": {
        "@id": "way/189047498",
        "leisure": "park"
      },
      "geometry": {
        "type": "Polygon",
        "coordinates": [
          [
            [
              76.9180853,
              28.3720888
            ],
            [
              76.9180633,
              28.3712647
            ],
            [
              76.919291,
              28.3712285
            ],
            [
              76.9192993,
              28.3717167
            ],
            [
              76.9189092,
              28.3720743
            ],
            [
              76.9180853,
              28.3720888
            ]
          ]
        ]
      },
      "id": "way/189047498"
    },
    {
      "type": "Feature",
      "properties": {
        "@id": "way/189047500",
        "leisure": "park"
      },
      "geometry": {
        "type": "Polygon",
        "coordinates": [
          [
            [
              76.9173774,
              28.3733779
            ],
            [
              76.9173891,
              28.3725354
            ],
            [
              76.9174085,
              28.372462
            ],
            [
              76.9188903,
              28.3724141
            ],
            [
              76.9190787,
              28.3724739
            ],
            [
              76.9192768,
              28.3726397
            ],
            [
              76.9193836,
              28.3727866
            ],
            [
              76.919405,
              28.3733727
            ],
            [
              76.9173774,
              28.3733779
            ]
          ]
        ]
      },
      "id": "way/189047500"
    },
    {
      "type": "Feature",
      "properties": {
        "@id": "way/189050374",
        "barrier": "wall",
        "leisure": "park"
      },
      "geometry": {
        "type": "Polygon",
        "coordinates": [
          [
            [
              76.9495816,
              28.3641711
            ],
            [
              76.9500836,
              28.3641621
            ],
            [
              76.9501068,
              28.365161
            ],
            [
              76.9496048,
              28.36517
            ],
            [
              76.9495816,
              28.3641711
            ]
          ]
        ]
      },
      "id": "way/189050374"
    },
    {
      "type": "Feature",
      "properties": {
        "@id": "way/189050375",
        "barrier": "wall",
        "leisure": "park"
      },
      "geometry": {
        "type": "Polygon",
        "coordinates": [
          [
            [
              76.948223,
              28.365166
            ],
            [
              76.9482075,
              28.3641843
            ],
            [
              76.9486985,
              28.3641783
            ],
            [
              76.948714,
              28.36516
            ],
            [
              76.948223,
              28.365166
            ]
          ]
        ]
      },
      "id": "way/189050375"
    },
    {
      "type": "Feature",
      "properties": {
        "@id": "way/189050376",
        "barrier": "wall",
        "leisure": "park"
      },
      "geometry": {
        "type": "Polygon",
        "coordinates": [
          [
            [
              76.948172,
              28.3629425
            ],
            [
              76.9481777,
              28.3634739
            ],
            [
              76.9474357,
              28.36348
            ],
            [
              76.9474301,
              28.3629486
            ],
            [
              76.948172,
              28.3629425
            ]
          ]
        ]
      },
      "id": "way/189050376"
    },
    {
      "type": "Feature",
      "properties": {
        "@id": "way/189050377",
        "barrier": "wall",
        "leisure": "park"
      },
      "geometry": {
        "type": "Polygon",
        "coordinates": [
          [
            [
              76.948229,
              28.3659585
            ],
            [
              76.9487267,
              28.365953
            ],
            [
              76.9487441,
              28.367168
            ],
            [
              76.9482464,
              28.3671735
            ],
            [
              76.948229,
              28.3659585
            ]
          ]
        ]
      },
      "id": "way/189050377"
    },
    {
      "type": "Feature",
      "properties": {
        "@id": "way/189050378",
        "barrier": "wall",
        "leisure": "park"
      },
      "geometry": {
        "type": "Polygon",
        "coordinates": [
          [
            [
              76.9496126,
              28.3659429
            ],
            [
              76.9500882,
              28.3659368
            ],
            [
              76.9501078,
              28.3671296
            ],
            [
              76.9496323,
              28.3671357
            ],
            [
              76.9496126,
              28.3659429
            ]
          ]
        ]
      },
      "id": "way/189050378"
    },
    {
      "type": "Feature",
      "properties": {
        "@id": "way/189050379",
        "barrier": "wall",
        "leisure": "park"
      },
      "geometry": {
        "type": "Polygon",
        "coordinates": [
          [
            [
              76.9429308,
              28.3628952
            ],
            [
              76.943627,
              28.3628952
            ],
            [
              76.9436566,
              28.3639816
            ],
            [
              76.9433884,
              28.3639938
            ],
            [
              76.9429308,
              28.3628952
            ]
          ]
        ]
      },
      "id": "way/189050379"
    },
    {
      "type": "Feature",
      "properties": {
        "@id": "way/189074966",
        "leisure": "park"
      },
      "geometry": {
        "type": "Polygon",
        "coordinates": [
          [
            [
              77.0138839,
              28.4786306
            ],
            [
              77.0140854,
              28.4790372
            ],
            [
              77.0136351,
              28.4791712
            ],
            [
              77.0138839,
              28.4786306
            ]
          ]
        ]
      },
      "id": "way/189074966"
    },
    {
      "type": "Feature",
      "properties": {
        "@id": "way/189074970",
        "leisure": "park"
      },
      "geometry": {
        "type": "Polygon",
        "coordinates": [
          [
            [
              77.0078497,
              28.4714007
            ],
            [
              77.0080381,
              28.4710079
            ],
            [
              77.0089002,
              28.4713274
            ],
            [
              77.0087117,
              28.4717202
            ],
            [
              77.0078497,
              28.4714007
            ]
          ]
        ]
      },
      "id": "way/189074970"
    },
    {
      "type": "Feature",
      "properties": {
        "@id": "way/189074972",
        "leisure": "park"
      },
      "geometry": {
        "type": "Polygon",
        "coordinates": [
          [
            [
              77.0066922,
              28.4752784
            ],
            [
              77.0070757,
              28.475411
            ],
            [
              77.0068936,
              28.4758178
            ],
            [
              77.0065101,
              28.4756852
            ],
            [
              77.0066922,
              28.4752784
            ]
          ]
        ]
      },
      "id": "way/189074972"
    },
    {
      "type": "Feature",
      "properties": {
        "@id": "way/189074978",
        "leisure": "park"
      },
      "geometry": {
        "type": "Polygon",
        "coordinates": [
          [
            [
              77.0053238,
              28.4720333
            ],
            [
              77.0054596,
              28.4717225
            ],
            [
              77.0060417,
              28.471919
            ],
            [
              77.005906,
              28.4722297
            ],
            [
              77.0053238,
              28.4720333
            ]
          ]
        ]
      },
      "id": "way/189074978"
    },
    {
      "type": "Feature",
      "properties": {
        "@id": "way/189074981",
        "leisure": "park"
      },
      "geometry": {
        "type": "Polygon",
        "coordinates": [
          [
            [
              77.0123902,
              28.472046
            ],
            [
              77.0129136,
              28.4722334
            ],
            [
              77.0127481,
              28.4725906
            ],
            [
              77.0125827,
              28.4729477
            ],
            [
              77.0120593,
              28.4727604
            ],
            [
              77.0123902,
              28.472046
            ]
          ]
        ]
      },
      "id": "way/189074981"
    },
    {
      "type": "Feature",
      "properties": {
        "@id": "way/189074985",
        "leisure": "park"
      },
      "geometry": {
        "type": "Polygon",
        "coordinates": [
          [
            [
              77.0064399,
              28.4768102
            ],
            [
              77.0068178,
              28.4769409
            ],
            [
              77.0065548,
              28.4775282
            ],
            [
              77.0061769,
              28.4773975
            ],
            [
              77.0064399,
              28.4768102
            ]
          ]
        ]
      },
      "id": "way/189074985"
    },
    {
      "type": "Feature",
      "properties": {
        "@id": "way/189075009",
        "leisure": "park"
      },
      "geometry": {
        "type": "Polygon",
        "coordinates": [
          [
            [
              77.0096715,
              28.4774327
            ],
            [
              77.0101634,
              28.4776025
            ],
            [
              77.0098861,
              28.4782229
            ],
            [
              77.0093943,
              28.4780531
            ],
            [
              77.0096715,
              28.4774327
            ]
          ]
        ]
      },
      "id": "way/189075009"
    },
    {
      "type": "Feature",
      "properties": {
        "@id": "way/189075012",
        "leisure": "park"
      },
      "geometry": {
        "type": "Polygon",
        "coordinates": [
          [
            [
              77.0159287,
              28.4747552
            ],
            [
              77.016278,
              28.4748864
            ],
            [
              77.0160662,
              28.475322
            ],
            [
              77.0157168,
              28.4751908
            ],
            [
              77.0159287,
              28.4747552
            ]
          ]
        ]
      },
      "id": "way/189075012"
    },
    {
      "type": "Feature",
      "properties": {
        "@id": "way/189075016",
        "leisure": "park"
      },
      "geometry": {
        "type": "Polygon",
        "coordinates": [
          [
            [
              77.0035154,
              28.4744371
            ],
            [
              77.003655,
              28.4741187
            ],
            [
              77.0044804,
              28.4743984
            ],
            [
              77.0043408,
              28.4747168
            ],
            [
              77.0035154,
              28.4744371
            ]
          ]
        ]
      },
      "id": "way/189075016"
    },
    {
      "type": "Feature",
      "properties": {
        "@id": "way/189075019",
        "leisure": "park"
      },
      "geometry": {
        "type": "Polygon",
        "coordinates": [
          [
            [
              77.0124425,
              28.4763187
            ],
            [
              77.0126933,
              28.4764082
            ],
            [
              77.0121447,
              28.477596
            ],
            [
              77.0118939,
              28.4775065
            ],
            [
              77.0124425,
              28.4763187
            ]
          ]
        ]
      },
      "id": "way/189075019"
    },
    {
      "type": "Feature",
      "properties": {
        "@id": "way/189075026",
        "leisure": "park"
      },
      "geometry": {
        "type": "Polygon",
        "coordinates": [
          [
            [
              77.0035923,
              28.4755969
            ],
            [
              77.0043935,
              28.4758739
            ],
            [
              77.0042601,
              28.4761722
            ],
            [
              77.0034588,
              28.4758953
            ],
            [
              77.0035923,
              28.4755969
            ]
          ]
        ]
      },
      "id": "way/189075026"
    },
    {
      "type": "Feature",
      "properties": {
        "@id": "way/189075029",
        "leisure": "park"
      },
      "geometry": {
        "type": "Polygon",
        "coordinates": [
          [
            [
              77.0047877,
              28.4727156
            ],
            [
              77.0051273,
              28.4728321
            ],
            [
              77.0050257,
              28.4730608
            ],
            [
              77.0046861,
              28.4729442
            ],
            [
              77.0047877,
              28.4727156
            ]
          ]
        ]
      },
      "id": "way/189075029"
    },
    {
      "type": "Feature",
      "properties": {
        "@id": "way/189075033",
        "leisure": "park"
      },
      "geometry": {
        "type": "Polygon",
        "coordinates": [
          [
            [
              77.0145534,
              28.472481
            ],
            [
              77.0148165,
              28.4725738
            ],
            [
              77.014562,
              28.4731312
            ],
            [
              77.0142988,
              28.4730384
            ],
            [
              77.0145534,
              28.472481
            ]
          ]
        ]
      },
      "id": "way/189075033"
    },
    {
      "type": "Feature",
      "properties": {
        "@id": "way/189088291",
        "leisure": "park"
      },
      "geometry": {
        "type": "Polygon",
        "coordinates": [
          [
            [
              77.0012464,
              28.4714926
            ],
            [
              77.001506,
              28.4708531
            ],
            [
              77.0028583,
              28.4713163
            ],
            [
              77.0029309,
              28.4715273
            ],
            [
              77.0022047,
              28.4717986
            ],
            [
              77.0012464,
              28.4714926
            ]
          ]
        ]
      },
      "id": "way/189088291"
    },
    {
      "type": "Feature",
      "properties": {
        "@id": "way/189088292",
        "leisure": "park"
      },
      "geometry": {
        "type": "Polygon",
        "coordinates": [
          [
            [
              76.9987075,
              28.4718364
            ],
            [
              77.0003152,
              28.4723772
            ],
            [
              77.0003454,
              28.4732521
            ],
            [
              77.0003434,
              28.4732567
            ],
            [
              76.999238,
              28.4731734
            ],
            [
              76.9989172,
              28.4725829
            ],
            [
              76.9988043,
              28.4723293
            ],
            [
              76.9987115,
              28.4720385
            ],
            [
              76.9987075,
              28.4718364
            ]
          ]
        ]
      },
      "id": "way/189088292"
    },
    {
      "type": "Feature",
      "properties": {
        "@id": "way/189108363",
        "barrier": "wall",
        "leisure": "park"
      },
      "geometry": {
        "type": "Polygon",
        "coordinates": [
          [
            [
              77.0410519,
              28.5031552
            ],
            [
              77.0420566,
              28.5031889
            ],
            [
              77.0420255,
              28.5026234
            ],
            [
              77.0452956,
              28.502618
            ],
            [
              77.0454511,
              28.5027026
            ],
            [
              77.0470022,
              28.5026671
            ],
            [
              77.0471172,
              28.5036451
            ],
            [
              77.0445123,
              28.5038226
            ],
            [
              77.0416619,
              28.5039647
            ],
            [
              77.0414443,
              28.5037844
            ],
            [
              77.0410519,
              28.5031552
            ]
          ]
        ]
      },
      "id": "way/189108363"
    },
    {
      "type": "Feature",
      "properties": {
        "@id": "way/189108364",
        "leisure": "park"
      },
      "geometry": {
        "type": "Polygon",
        "coordinates": [
          [
            [
              77.0506558,
              28.5053719
            ],
            [
              77.0509907,
              28.5057893
            ],
            [
              77.0506512,
              28.505999
            ],
            [
              77.0506558,
              28.5053719
            ]
          ]
        ]
      },
      "id": "way/189108364"
    },
    {
      "type": "Feature",
      "properties": {
        "@id": "way/189108365",
        "leisure": "park",
        "name": "Ticona Park"
      },
      "geometry": {
        "type": "Polygon",
        "coordinates": [
          [
            [
              77.0491787,
              28.5065788
            ],
            [
              77.0489767,
              28.5061076
            ],
            [
              77.0494569,
              28.5061233
            ],
            [
              77.0495792,
              28.5061273
            ],
            [
              77.0503149,
              28.5061513
            ],
            [
              77.0495505,
              28.5064389
            ],
            [
              77.0491787,
              28.5065788
            ]
          ]
        ]
      },
      "id": "way/189108365"
    },
    {
      "type": "Feature",
      "properties": {
        "@id": "way/189108367",
        "leisure": "park"
      },
      "geometry": {
        "type": "Polygon",
        "coordinates": [
          [
            [
              77.0372096,
              28.5045288
            ],
            [
              77.0376404,
              28.5042159
            ],
            [
              77.0376888,
              28.5048166
            ],
            [
              77.0374646,
              28.5048243
            ],
            [
              77.0372096,
              28.5045288
            ]
          ]
        ]
      },
      "id": "way/189108367"
    },
    {
      "type": "Feature",
      "properties": {
        "@id": "way/189108368",
        "leisure": "park"
      },
      "geometry": {
        "type": "Polygon",
        "coordinates": [
          [
            [
              77.0388193,
              28.5041138
            ],
            [
              77.0388189,
              28.5038494
            ],
            [
              77.0406773,
              28.5038469
            ],
            [
              77.0406778,
              28.5041114
            ],
            [
              77.0388193,
              28.5041138
            ]
          ]
        ]
      },
      "id": "way/189108368"
    },
    {
      "type": "Feature",
      "properties": {
        "@id": "way/189108369",
        "leisure": "park"
      },
      "geometry": {
        "type": "Polygon",
        "coordinates": [
          [
            [
              77.0407949,
              28.5064264
            ],
            [
              77.0409876,
              28.5064267
            ],
            [
              77.0409868,
              28.5069025
            ],
            [
              77.0407941,
              28.5069022
            ],
            [
              77.0407949,
              28.5064264
            ]
          ]
        ]
      },
      "id": "way/189108369"
    },
    {
      "type": "Feature",
      "properties": {
        "@id": "way/189120073",
        "leisure": "park"
      },
      "geometry": {
        "type": "Polygon",
        "coordinates": [
          [
            [
              77.053031,
              28.5068442
            ],
            [
              77.0542421,
              28.5068352
            ],
            [
              77.0535381,
              28.5073487
            ],
            [
              77.053031,
              28.5068442
            ]
          ]
        ]
      },
      "id": "way/189120073"
    },
    {
      "type": "Feature",
      "properties": {
        "@id": "way/189120074",
        "leisure": "park"
      },
      "geometry": {
        "type": "Polygon",
        "coordinates": [
          [
            [
              77.0622808,
              28.5078785
            ],
            [
              77.0622491,
              28.5086233
            ],
            [
              77.061825,
              28.5081499
            ],
            [
              77.0622808,
              28.5078785
            ]
          ]
        ]
      },
      "id": "way/189120074"
    },
    {
      "type": "Feature",
      "properties": {
        "@id": "way/189120075",
        "leisure": "park"
      },
      "geometry": {
        "type": "Polygon",
        "coordinates": [
          [
            [
              77.0617571,
              28.5041371
            ],
            [
              77.0622127,
              28.5041328
            ],
            [
              77.0622206,
              28.5047829
            ],
            [
              77.0617571,
              28.5041371
            ]
          ]
        ]
      },
      "id": "way/189120075"
    },
    {
      "type": "Feature",
      "properties": {
        "@id": "way/189120077",
        "leisure": "park"
      },
      "geometry": {
        "type": "Polygon",
        "coordinates": [
          [
            [
              77.058615,
              28.5072511
            ],
            [
              77.0586714,
              28.5062993
            ],
            [
              77.0593977,
              28.5072894
            ],
            [
              77.058615,
              28.5072511
            ]
          ]
        ]
      },
      "id": "way/189120077"
    },
    {
      "type": "Feature",
      "properties": {
        "@id": "way/189120078",
        "barrier": "wall",
        "leisure": "park"
      },
      "geometry": {
        "type": "Polygon",
        "coordinates": [
          [
            [
              77.0422542,
              28.5155641
            ],
            [
              77.0422409,
              28.5150137
            ],
            [
              77.0435039,
              28.5149902
            ],
            [
              77.0435172,
              28.5155406
            ],
            [
              77.0422542,
              28.5155641
            ]
          ]
        ]
      },
      "id": "way/189120078"
    },
    {
      "type": "Feature",
      "properties": {
        "@id": "way/189120079",
        "leisure": "park"
      },
      "geometry": {
        "type": "Polygon",
        "coordinates": [
          [
            [
              77.0623267,
              28.5062623
            ],
            [
              77.0623094,
              28.5070312
            ],
            [
              77.0622012,
              28.5070953
            ],
            [
              77.0618011,
              28.5065736
            ],
            [
              77.0623267,
              28.5062623
            ]
          ]
        ]
      },
      "id": "way/189120079"
    },
    {
      "type": "Feature",
      "properties": {
        "@id": "way/189120080",
        "leisure": "park"
      },
      "geometry": {
        "type": "Polygon",
        "coordinates": [
          [
            [
              77.0472499,
              28.5131935
            ],
            [
              77.0480042,
              28.5141299
            ],
            [
              77.0473014,
              28.5143312
            ],
            [
              77.0469359,
              28.5133857
            ],
            [
              77.0472499,
              28.5131935
            ]
          ]
        ]
      },
      "id": "way/189120080"
    },
    {
      "type": "Feature",
      "properties": {
        "@id": "way/189120082",
        "leisure": "park"
      },
      "geometry": {
        "type": "Polygon",
        "coordinates": [
          [
            [
              77.0520542,
              28.513875
            ],
            [
              77.0526439,
              28.5138926
            ],
            [
              77.0526294,
              28.5144204
            ],
            [
              77.0520487,
              28.5145804
            ],
            [
              77.0520542,
              28.513875
            ]
          ]
        ]
      },
      "id": "way/189120082"
    },
    {
      "type": "Feature",
      "properties": {
        "@id": "way/189120083",
        "leisure": "park"
      },
      "geometry": {
        "type": "Polygon",
        "coordinates": [
          [
            [
              77.0674912,
              28.5077654
            ],
            [
              77.0678708,
              28.5077654
            ],
            [
              77.0678708,
              28.5081181
            ],
            [
              77.0674912,
              28.5081181
            ],
            [
              77.0674912,
              28.5077654
            ]
          ]
        ]
      },
      "id": "way/189120083"
    },
    {
      "type": "Feature",
      "properties": {
        "@id": "way/189120084",
        "leisure": "park"
      },
      "geometry": {
        "type": "Polygon",
        "coordinates": [
          [
            [
              77.0441618,
              28.5107963
            ],
            [
              77.0445306,
              28.510672
            ],
            [
              77.0449397,
              28.5111266
            ],
            [
              77.0446439,
              28.5113321
            ],
            [
              77.0441618,
              28.5107963
            ]
          ]
        ]
      },
      "id": "way/189120084"
    },
    {
      "type": "Feature",
      "properties": {
        "@id": "way/189120086",
        "leisure": "park"
      },
      "geometry": {
        "type": "Polygon",
        "coordinates": [
          [
            [
              77.0494768,
              28.5089473
            ],
            [
              77.0500119,
              28.5087585
            ],
            [
              77.0500574,
              28.5091952
            ],
            [
              77.0498299,
              28.5093472
            ],
            [
              77.0494768,
              28.5089473
            ]
          ]
        ]
      },
      "id": "way/189120086"
    },
    {
      "type": "Feature",
      "properties": {
        "@id": "way/189120087",
        "leisure": "park"
      },
      "geometry": {
        "type": "Polygon",
        "coordinates": [
          [
            [
              77.0598063,
              28.503996
            ],
            [
              77.0600801,
              28.5038291
            ],
            [
              77.0604262,
              28.5042677
            ],
            [
              77.0601524,
              28.5044346
            ],
            [
              77.0598063,
              28.503996
            ]
          ]
        ]
      },
      "id": "way/189120087"
    },
    {
      "type": "Feature",
      "properties": {
        "@id": "way/189120088",
        "leisure": "park"
      },
      "geometry": {
        "type": "Polygon",
        "coordinates": [
          [
            [
              77.0640369,
              28.5036288
            ],
            [
              77.0643918,
              28.5036032
            ],
            [
              77.0643903,
              28.5044576
            ],
            [
              77.0640353,
              28.5044571
            ],
            [
              77.0640369,
              28.5036288
            ]
          ]
        ]
      },
      "id": "way/189120088"
    },
    {
      "type": "Feature",
      "properties": {
        "@id": "way/189120090",
        "leisure": "park"
      },
      "geometry": {
        "type": "Polygon",
        "coordinates": [
          [
            [
              77.0472194,
              28.5156613
            ],
            [
              77.04712,
              28.515376
            ],
            [
              77.0482085,
              28.5150833
            ],
            [
              77.0483078,
              28.5153687
            ],
            [
              77.0472194,
              28.5156613
            ]
          ]
        ]
      },
      "id": "way/189120090"
    },
    {
      "type": "Feature",
      "properties": {
        "@id": "way/189120091",
        "leisure": "park"
      },
      "geometry": {
        "type": "Polygon",
        "coordinates": [
          [
            [
              77.0452067,
              28.5127626
            ],
            [
              77.044608,
              28.5120823
            ],
            [
              77.044959,
              28.5118438
            ],
            [
              77.0456372,
              28.5126144
            ],
            [
              77.0452067,
              28.5127626
            ]
          ]
        ]
      },
      "id": "way/189120091"
    },
    {
      "type": "Feature",
      "properties": {
        "@id": "way/189120092",
        "leisure": "park"
      },
      "geometry": {
        "type": "Polygon",
        "coordinates": [
          [
            [
              77.0675063,
              28.5069252
            ],
            [
              77.0678858,
              28.5069252
            ],
            [
              77.0678858,
              28.5072779
            ],
            [
              77.0675063,
              28.5072779
            ],
            [
              77.0675063,
              28.5069252
            ]
          ]
        ]
      },
      "id": "way/189120092"
    },
    {
      "type": "Feature",
      "properties": {
        "@id": "way/189120094",
        "leisure": "park"
      },
      "geometry": {
        "type": "Polygon",
        "coordinates": [
          [
            [
              77.0509708,
              28.5078966
            ],
            [
              77.0512092,
              28.5077943
            ],
            [
              77.051373,
              28.5076887
            ],
            [
              77.0517153,
              28.5080534
            ],
            [
              77.0513366,
              28.5083141
            ],
            [
              77.0509708,
              28.5078966
            ]
          ]
        ]
      },
      "id": "way/189120094"
    },
    {
      "type": "Feature",
      "properties": {
        "@id": "way/189120097",
        "leisure": "park"
      },
      "geometry": {
        "type": "Polygon",
        "coordinates": [
          [
            [
              77.0576023,
              28.5029023
            ],
            [
              77.0580554,
              28.5027598
            ],
            [
              77.0585728,
              28.5027077
            ],
            [
              77.0593734,
              28.5027123
            ],
            [
              77.0598007,
              28.5033163
            ],
            [
              77.0589692,
              28.5037913
            ],
            [
              77.0585676,
              28.5032959
            ],
            [
              77.0581094,
              28.5035764
            ],
            [
              77.0576023,
              28.5029023
            ]
          ]
        ]
      },
      "id": "way/189120097"
    },
    {
      "type": "Feature",
      "properties": {
        "@id": "way/190041765",
        "leisure": "park"
      },
      "geometry": {
        "type": "Polygon",
        "coordinates": [
          [
            [
              77.0041965,
              28.4481717
            ],
            [
              77.0044034,
              28.4480218
            ],
            [
              77.0046957,
              28.4483336
            ],
            [
              77.0044888,
              28.4484835
            ],
            [
              77.0041965,
              28.4481717
            ]
          ]
        ]
      },
      "id": "way/190041765"
    },
    {
      "type": "Feature",
      "properties": {
        "@id": "way/190041766",
        "leisure": "park"
      },
      "geometry": {
        "type": "Polygon",
        "coordinates": [
          [
            [
              77.0039511,
              28.4415017
            ],
            [
              77.0042368,
              28.4418019
            ],
            [
              77.00384,
              28.4420939
            ],
            [
              77.0035543,
              28.4417937
            ],
            [
              77.0039511,
              28.4415017
            ]
          ]
        ]
      },
      "id": "way/190041766"
    },
    {
      "type": "Feature",
      "properties": {
        "@id": "way/190041767",
        "leisure": "park"
      },
      "geometry": {
        "type": "Polygon",
        "coordinates": [
          [
            [
              77.0024906,
              28.4470155
            ],
            [
              77.0028328,
              28.446779
            ],
            [
              77.0031067,
              28.4470855
            ],
            [
              77.0027645,
              28.447322
            ],
            [
              77.0024906,
              28.4470155
            ]
          ]
        ]
      },
      "id": "way/190041767"
    },
    {
      "type": "Feature",
      "properties": {
        "@id": "way/190041768",
        "leisure": "park"
      },
      "geometry": {
        "type": "Polygon",
        "coordinates": [
          [
            [
              77.0023961,
              28.445604
            ],
            [
              77.0025934,
              28.4454632
            ],
            [
              77.0030648,
              28.4459735
            ],
            [
              77.0028675,
              28.4461144
            ],
            [
              77.0023961,
              28.445604
            ]
          ]
        ]
      },
      "id": "way/190041768"
    },
    {
      "type": "Feature",
      "properties": {
        "@id": "way/190041769",
        "leisure": "park"
      },
      "geometry": {
        "type": "Polygon",
        "coordinates": [
          [
            [
              77.0073007,
              28.4451323
            ],
            [
              77.0070808,
              28.444888
            ],
            [
              77.0075238,
              28.4445799
            ],
            [
              77.0077436,
              28.4448243
            ],
            [
              77.0073007,
              28.4451323
            ]
          ]
        ]
      },
      "id": "way/190041769"
    },
    {
      "type": "Feature",
      "properties": {
        "@id": "way/190041770",
        "leisure": "park"
      },
      "geometry": {
        "type": "Polygon",
        "coordinates": [
          [
            [
              77.0012021,
              28.447394
            ],
            [
              77.0015159,
              28.4471857
            ],
            [
              77.002035,
              28.4477775
            ],
            [
              77.0015653,
              28.4477827
            ],
            [
              77.0012021,
              28.447394
            ]
          ]
        ]
      },
      "id": "way/190041770"
    },
    {
      "type": "Feature",
      "properties": {
        "@id": "way/190041771",
        "leisure": "park"
      },
      "geometry": {
        "type": "Polygon",
        "coordinates": [
          [
            [
              76.9981996,
              28.4486438
            ],
            [
              76.9983415,
              28.4483822
            ],
            [
              76.9993839,
              28.4488195
            ],
            [
              76.999242,
              28.449081
            ],
            [
              76.9981996,
              28.4486438
            ]
          ]
        ]
      },
      "id": "way/190041771"
    },
    {
      "type": "Feature",
      "properties": {
        "@id": "way/190041772",
        "leisure": "park"
      },
      "geometry": {
        "type": "Polygon",
        "coordinates": [
          [
            [
              77.0062873,
              28.4478839
            ],
            [
              77.0060501,
              28.4476294
            ],
            [
              77.0064604,
              28.4473337
            ],
            [
              77.0067606,
              28.4476559
            ],
            [
              77.0062873,
              28.4478839
            ]
          ]
        ]
      },
      "id": "way/190041772"
    },
    {
      "type": "Feature",
      "properties": {
        "@id": "way/190041773",
        "leisure": "park"
      },
      "geometry": {
        "type": "Polygon",
        "coordinates": [
          [
            [
              77.0015996,
              28.4427615
            ],
            [
              77.0022609,
              28.4420666
            ],
            [
              77.0025693,
              28.4423884
            ],
            [
              77.0017932,
              28.4429634
            ],
            [
              77.0015996,
              28.4427615
            ]
          ]
        ]
      },
      "id": "way/190041773"
    },
    {
      "type": "Feature",
      "properties": {
        "@id": "way/190041774",
        "leisure": "park"
      },
      "geometry": {
        "type": "Polygon",
        "coordinates": [
          [
            [
              77.0038413,
              28.4402323
            ],
            [
              77.0041467,
              28.4400228
            ],
            [
              77.0044483,
              28.4403626
            ],
            [
              77.0041429,
              28.4405721
            ],
            [
              77.0038413,
              28.4402323
            ]
          ]
        ]
      },
      "id": "way/190041774"
    },
    {
      "type": "Feature",
      "properties": {
        "@id": "way/190041775",
        "leisure": "park"
      },
      "geometry": {
        "type": "Polygon",
        "coordinates": [
          [
            [
              77.0050241,
              28.4472196
            ],
            [
              77.0049133,
              28.4471029
            ],
            [
              77.0051768,
              28.4469095
            ],
            [
              77.0052876,
              28.4470262
            ],
            [
              77.0050241,
              28.4472196
            ]
          ]
        ]
      },
      "id": "way/190041775"
    },
    {
      "type": "Feature",
      "properties": {
        "@id": "way/190041776",
        "leisure": "park"
      },
      "geometry": {
        "type": "Polygon",
        "coordinates": [
          [
            [
              77.0027529,
              28.444893
            ],
            [
              77.0034635,
              28.4443446
            ],
            [
              77.0039727,
              28.4452644
            ],
            [
              77.0034694,
              28.445641
            ],
            [
              77.0027529,
              28.444893
            ]
          ]
        ]
      },
      "id": "way/190041776"
    },
    {
      "type": "Feature",
      "properties": {
        "@id": "way/190041777",
        "leisure": "park"
      },
      "geometry": {
        "type": "Polygon",
        "coordinates": [
          [
            [
              77.0058062,
              28.4459321
            ],
            [
              77.0059628,
              28.4458073
            ],
            [
              77.0063351,
              28.4461686
            ],
            [
              77.0061785,
              28.4462934
            ],
            [
              77.0058062,
              28.4459321
            ]
          ]
        ]
      },
      "id": "way/190041777"
    },
    {
      "type": "Feature",
      "properties": {
        "@id": "way/190041778",
        "leisure": "park"
      },
      "geometry": {
        "type": "Polygon",
        "coordinates": [
          [
            [
              77.0050864,
              28.44063
            ],
            [
              77.0058646,
              28.4400557
            ],
            [
              77.0064471,
              28.4406662
            ],
            [
              77.0056689,
              28.4412404
            ],
            [
              77.0050864,
              28.44063
            ]
          ]
        ]
      },
      "id": "way/190041778"
    },
    {
      "type": "Feature",
      "properties": {
        "@id": "way/190041779",
        "leisure": "park"
      },
      "geometry": {
        "type": "Polygon",
        "coordinates": [
          [
            [
              77.0000852,
              28.4471709
            ],
            [
              77.0007021,
              28.4461425
            ],
            [
              77.0010733,
              28.4465524
            ],
            [
              77.0005234,
              28.4469917
            ],
            [
              77.0002527,
              28.4472519
            ],
            [
              77.0000852,
              28.4471709
            ]
          ]
        ]
      },
      "id": "way/190041779"
    },
    {
      "type": "Feature",
      "properties": {
        "@id": "way/190045085",
        "leisure": "park"
      },
      "geometry": {
        "type": "Polygon",
        "coordinates": [
          [
            [
              77.0079387,
              28.4542836
            ],
            [
              77.0082164,
              28.4542772
            ],
            [
              77.00823,
              28.4547335
            ],
            [
              77.0079523,
              28.4547399
            ],
            [
              77.0079387,
              28.4542836
            ]
          ]
        ]
      },
      "id": "way/190045085"
    },
    {
      "type": "Feature",
      "properties": {
        "@id": "way/190045086",
        "leisure": "park"
      },
      "geometry": {
        "type": "Polygon",
        "coordinates": [
          [
            [
              76.9958828,
              28.4526905
            ],
            [
              76.9960861,
              28.4522975
            ],
            [
              76.9966818,
              28.4522969
            ],
            [
              76.9966823,
              28.4526898
            ],
            [
              76.9958828,
              28.4526905
            ]
          ]
        ]
      },
      "id": "way/190045086"
    },
    {
      "type": "Feature",
      "properties": {
        "@id": "way/190045087",
        "leisure": "park"
      },
      "geometry": {
        "type": "Polygon",
        "coordinates": [
          [
            [
              77.005883,
              28.4545273
            ],
            [
              77.0058618,
              28.4541636
            ],
            [
              77.006404,
              28.4541392
            ],
            [
              77.0064251,
              28.4545029
            ],
            [
              77.005883,
              28.4545273
            ]
          ]
        ]
      },
      "id": "way/190045087"
    },
    {
      "type": "Feature",
      "properties": {
        "@id": "way/190045088",
        "leisure": "park"
      },
      "geometry": {
        "type": "Polygon",
        "coordinates": [
          [
            [
              76.9967748,
              28.4536948
            ],
            [
              76.9972523,
              28.4536952
            ],
            [
              76.9972517,
              28.4543605
            ],
            [
              76.9967742,
              28.4543602
            ],
            [
              76.9967748,
              28.4536948
            ]
          ]
        ]
      },
      "id": "way/190045088"
    },
    {
      "type": "Feature",
      "properties": {
        "@id": "way/190045092",
        "leisure": "park"
      },
      "geometry": {
        "type": "Polygon",
        "coordinates": [
          [
            [
              77.0072452,
              28.4542909
            ],
            [
              77.0075229,
              28.4542845
            ],
            [
              77.0075365,
              28.4547409
            ],
            [
              77.0072588,
              28.4547473
            ],
            [
              77.0072452,
              28.4542909
            ]
          ]
        ]
      },
      "id": "way/190045092"
    },
    {
      "type": "Feature",
      "properties": {
        "@id": "way/190045093",
        "leisure": "park"
      },
      "geometry": {
        "type": "Polygon",
        "coordinates": [
          [
            [
              76.9949374,
              28.4543641
            ],
            [
              76.9953497,
              28.4536114
            ],
            [
              76.9961617,
              28.4535998
            ],
            [
              76.9961755,
              28.4543463
            ],
            [
              76.9949374,
              28.4543641
            ]
          ]
        ]
      },
      "id": "way/190045093"
    },
    {
      "type": "Feature",
      "properties": {
        "@id": "way/190244450",
        "leisure": "park"
      },
      "geometry": {
        "type": "Polygon",
        "coordinates": [
          [
            [
              77.0431907,
              28.4328074
            ],
            [
              77.0431701,
              28.4327983
            ],
            [
              77.0429842,
              28.432653
            ],
            [
              77.0428727,
              28.4320028
            ],
            [
              77.0430069,
              28.4319937
            ],
            [
              77.0429842,
              28.4317267
            ],
            [
              77.0433043,
              28.431734
            ],
            [
              77.0434923,
              28.4317758
            ],
            [
              77.043643,
              28.4319265
            ],
            [
              77.0433641,
              28.4323386
            ],
            [
              77.0435588,
              28.4325334
            ],
            [
              77.0431907,
              28.4328074
            ]
          ]
        ]
      },
      "id": "way/190244450"
    },
    {
      "type": "Feature",
      "properties": {
        "@id": "way/190244452",
        "leisure": "park"
      },
      "geometry": {
        "type": "Polygon",
        "coordinates": [
          [
            [
              77.0432479,
              28.4334589
            ],
            [
              77.0435888,
              28.4332025
            ],
            [
              77.0442607,
              28.4338934
            ],
            [
              77.0439198,
              28.4341498
            ],
            [
              77.0432479,
              28.4334589
            ]
          ]
        ]
      },
      "id": "way/190244452"
    },
    {
      "type": "Feature",
      "properties": {
        "@id": "way/190244453",
        "leisure": "park"
      },
      "geometry": {
        "type": "Polygon",
        "coordinates": [
          [
            [
              77.0419745,
              28.4338336
            ],
            [
              77.0428573,
              28.4347147
            ],
            [
              77.0421749,
              28.4352433
            ],
            [
              77.0412922,
              28.4343622
            ],
            [
              77.0419745,
              28.4338336
            ]
          ]
        ]
      },
      "id": "way/190244453"
    },
    {
      "type": "Feature",
      "properties": {
        "@id": "way/190293838",
        "leisure": "park"
      },
      "geometry": {
        "type": "Polygon",
        "coordinates": [
          [
            [
              77.1494183,
              28.5350655
            ],
            [
              77.1499123,
              28.5347751
            ],
            [
              77.1499029,
              28.5355144
            ],
            [
              77.1498015,
              28.5355655
            ],
            [
              77.1494183,
              28.5350655
            ]
          ]
        ]
      },
      "id": "way/190293838"
    },
    {
      "type": "Feature",
      "properties": {
        "@id": "way/190293839",
        "leisure": "park"
      },
      "geometry": {
        "type": "Polygon",
        "coordinates": [
          [
            [
              77.1468813,
              28.5339622
            ],
            [
              77.1467311,
              28.5337532
            ],
            [
              77.1478771,
              28.5331174
            ],
            [
              77.1480273,
              28.5333265
            ],
            [
              77.1468813,
              28.5339622
            ]
          ]
        ]
      },
      "id": "way/190293839"
    },
    {
      "type": "Feature",
      "properties": {
        "@id": "way/190293840",
        "leisure": "park"
      },
      "geometry": {
        "type": "Polygon",
        "coordinates": [
          [
            [
              77.1480523,
              28.533269
            ],
            [
              77.1479126,
              28.5330814
            ],
            [
              77.1483104,
              28.5328527
            ],
            [
              77.1484501,
              28.5330403
            ],
            [
              77.1480523,
              28.533269
            ]
          ]
        ]
      },
      "id": "way/190293840"
    },
    {
      "type": "Feature",
      "properties": {
        "@id": "way/190293841",
        "leisure": "park"
      },
      "geometry": {
        "type": "Polygon",
        "coordinates": [
          [
            [
              77.1494016,
              28.5324986
            ],
            [
              77.148954,
              28.5318696
            ],
            [
              77.1490098,
              28.531537
            ],
            [
              77.1485237,
              28.5308486
            ],
            [
              77.1486498,
              28.5307144
            ],
            [
              77.1488105,
              28.5310913
            ],
            [
              77.1489407,
              28.5310388
            ],
            [
              77.1494839,
              28.5324519
            ],
            [
              77.1494016,
              28.5324986
            ]
          ]
        ]
      },
      "id": "way/190293841"
    },
    {
      "type": "Feature",
      "properties": {
        "@id": "way/190293842",
        "leisure": "park"
      },
      "geometry": {
        "type": "Polygon",
        "coordinates": [
          [
            [
              77.1495808,
              28.534281
            ],
            [
              77.1499171,
              28.5340929
            ],
            [
              77.1496616,
              28.5335681
            ],
            [
              77.1498664,
              28.5334609
            ],
            [
              77.1493154,
              28.5327012
            ],
            [
              77.1495564,
              28.5325754
            ],
            [
              77.1500035,
              28.5335005
            ],
            [
              77.1499659,
              28.5344757
            ],
            [
              77.1497987,
              28.5345731
            ],
            [
              77.1495808,
              28.534281
            ]
          ]
        ]
      },
      "id": "way/190293842"
    },
    {
      "type": "Feature",
      "properties": {
        "@id": "way/190342551",
        "leisure": "park"
      },
      "geometry": {
        "type": "Polygon",
        "coordinates": [
          [
            [
              77.136433,
              28.52385
            ],
            [
              77.1364196,
              28.5236432
            ],
            [
              77.1395483,
              28.5232593
            ],
            [
              77.1398914,
              28.5233017
            ],
            [
              77.1403051,
              28.5233729
            ],
            [
              77.1407206,
              28.5234456
            ],
            [
              77.141205,
              28.523485
            ],
            [
              77.141636,
              28.5235047
            ],
            [
              77.1423686,
              28.523435
            ],
            [
              77.1424083,
              28.5238319
            ],
            [
              77.1405671,
              28.5238198
            ],
            [
              77.1383416,
              28.5238349
            ],
            [
              77.136433,
              28.52385
            ]
          ]
        ]
      },
      "id": "way/190342551"
    },
    {
      "type": "Feature",
      "properties": {
        "@id": "way/190342552",
        "amenity": "place_of_worship",
        "leisure": "park",
        "religion": "hindu"
      },
      "geometry": {
        "type": "Polygon",
        "coordinates": [
          [
            [
              77.1119417,
              28.5353603
            ],
            [
              77.1122107,
              28.5344455
            ],
            [
              77.1133071,
              28.5344107
            ],
            [
              77.1133216,
              28.5349487
            ],
            [
              77.113345,
              28.5358131
            ],
            [
              77.1131071,
              28.5358116
            ],
            [
              77.1130968,
              28.5359661
            ],
            [
              77.1119417,
              28.5353603
            ]
          ]
        ]
      },
      "id": "way/190342552"
    },
    {
      "type": "Feature",
      "properties": {
        "@id": "way/266156904",
        "leisure": "park"
      },
      "geometry": {
        "type": "Polygon",
        "coordinates": [
          [
            [
              77.0897888,
              28.4750832
            ],
            [
              77.0899873,
              28.4749842
            ],
            [
              77.0902877,
              28.4753708
            ],
            [
              77.090041,
              28.475484
            ],
            [
              77.0897888,
              28.4750832
            ]
          ]
        ]
      },
      "id": "way/266156904"
    },
    {
      "type": "Feature",
      "properties": {
        "@id": "way/266156907",
        "leisure": "park"
      },
      "geometry": {
        "type": "Polygon",
        "coordinates": [
          [
            [
              77.0921599,
              28.4754133
            ],
            [
              77.0926105,
              28.4751964
            ],
            [
              77.0925998,
              28.4759886
            ],
            [
              77.0921599,
              28.4754133
            ]
          ]
        ]
      },
      "id": "way/266156907"
    },
    {
      "type": "Feature",
      "properties": {
        "@id": "way/266156908",
        "leisure": "park"
      },
      "geometry": {
        "type": "Polygon",
        "coordinates": [
          [
            [
              77.0912461,
              28.4753332
            ],
            [
              77.0911702,
              28.475177
            ],
            [
              77.0916029,
              28.4749092
            ],
            [
              77.0916734,
              28.4748738
            ],
            [
              77.0917934,
              28.4750587
            ],
            [
              77.0912461,
              28.4753332
            ]
          ]
        ]
      },
      "id": "way/266156908"
    },
    {
      "type": "Feature",
      "properties": {
        "@id": "way/266156912",
        "leisure": "park"
      },
      "geometry": {
        "type": "Polygon",
        "coordinates": [
          [
            [
              77.0886087,
              28.4754321
            ],
            [
              77.0885658,
              28.4753143
            ],
            [
              77.0893227,
              28.4749969
            ],
            [
              77.0893812,
              28.4750973
            ],
            [
              77.0886087,
              28.4754321
            ]
          ]
        ]
      },
      "id": "way/266156912"
    },
    {
      "type": "Feature",
      "properties": {
        "@id": "way/266156913",
        "leisure": "park"
      },
      "geometry": {
        "type": "Polygon",
        "coordinates": [
          [
            [
              77.0927768,
              28.4742014
            ],
            [
              77.0925462,
              28.4743146
            ],
            [
              77.0923482,
              28.4739831
            ],
            [
              77.0928173,
              28.4737886
            ],
            [
              77.0927768,
              28.4742014
            ]
          ]
        ]
      },
      "id": "way/266156913"
    },
    {
      "type": "Feature",
      "properties": {
        "@id": "way/266156914",
        "leisure": "park"
      },
      "geometry": {
        "type": "Polygon",
        "coordinates": [
          [
            [
              77.0904111,
              28.4740269
            ],
            [
              77.0908725,
              28.473876
            ],
            [
              77.0912726,
              28.474416
            ],
            [
              77.0907652,
              28.4746494
            ],
            [
              77.0904111,
              28.4740269
            ]
          ]
        ]
      },
      "id": "way/266156914"
    },
    {
      "type": "Feature",
      "properties": {
        "@id": "way/266156915",
        "leisure": "park"
      },
      "geometry": {
        "type": "Polygon",
        "coordinates": [
          [
            [
              77.0928197,
              28.473131
            ],
            [
              77.0928036,
              28.473711
            ],
            [
              77.0925837,
              28.4732206
            ],
            [
              77.0928197,
              28.473131
            ]
          ]
        ]
      },
      "id": "way/266156915"
    },
    {
      "type": "Feature",
      "properties": {
        "@id": "way/267003268",
        "leisure": "park"
      },
      "geometry": {
        "type": "Polygon",
        "coordinates": [
          [
            [
              77.0975487,
              28.4997283
            ],
            [
              77.0990132,
              28.4988184
            ],
            [
              77.0992975,
              28.4991626
            ],
            [
              77.0985143,
              28.4997142
            ],
            [
              77.0983748,
              28.499601
            ],
            [
              77.0980636,
              28.4997707
            ],
            [
              77.0981548,
              28.499931
            ],
            [
              77.0978705,
              28.5001384
            ],
            [
              77.0975487,
              28.4997283
            ]
          ]
        ]
      },
      "id": "way/267003268"
    },
    {
      "type": "Feature",
      "properties": {
        "@id": "way/269649967",
        "landuse": "grass",
        "leisure": "park"
      },
      "geometry": {
        "type": "Polygon",
        "coordinates": [
          [
            [
              77.0680288,
              28.4162965
            ],
            [
              77.0680355,
              28.4155941
            ],
            [
              77.0680691,
              28.4155693
            ],
            [
              77.0681281,
              28.4155516
            ],
            [
              77.0681696,
              28.4155422
            ],
            [
              77.0682058,
              28.4155374
            ],
            [
              77.0682582,
              28.4155339
            ],
            [
              77.0683158,
              28.4155374
            ],
            [
              77.0683654,
              28.4155469
            ],
            [
              77.0684191,
              28.4155693
            ],
            [
              77.0684566,
              28.4155905
            ],
            [
              77.0684875,
              28.4156153
            ],
            [
              77.0684714,
              28.4163183
            ],
            [
              77.0684392,
              28.4163501
            ],
            [
              77.0684124,
              28.4163725
            ],
            [
              77.0683695,
              28.4163926
            ],
            [
              77.0683131,
              28.4164032
            ],
            [
              77.0682488,
              28.4164044
            ],
            [
              77.0681898,
              28.4164008
            ],
            [
              77.0681482,
              28.416389
            ],
            [
              77.0681026,
              28.4163631
            ],
            [
              77.068061,
              28.416336
            ],
            [
              77.0680288,
              28.4162965
            ]
          ]
        ]
      },
      "id": "way/269649967"
    },
    {
      "type": "Feature",
      "properties": {
        "@id": "way/272211029",
        "barrier": "wall",
        "leisure": "park"
      },
      "geometry": {
        "type": "Polygon",
        "coordinates": [
          [
            [
              76.945278,
              28.3672977
            ],
            [
              76.9473165,
              28.3672769
            ],
            [
              76.9473314,
              28.3684093
            ],
            [
              76.9452929,
              28.3684301
            ],
            [
              76.945278,
              28.3672977
            ]
          ]
        ]
      },
      "id": "way/272211029"
    },
    {
      "type": "Feature",
      "properties": {
        "@id": "way/272403956",
        "barrier": "wall",
        "leisure": "park"
      },
      "geometry": {
        "type": "Polygon",
        "coordinates": [
          [
            [
              76.899513,
              28.3750827
            ],
            [
              76.9019176,
              28.3750476
            ],
            [
              76.9019579,
              28.3771833
            ],
            [
              76.8995534,
              28.3772184
            ],
            [
              76.899513,
              28.3750827
            ]
          ]
        ]
      },
      "id": "way/272403956"
    },
    {
      "type": "Feature",
      "properties": {
        "@id": "way/272522250",
        "leisure": "park"
      },
      "geometry": {
        "type": "Polygon",
        "coordinates": [
          [
            [
              76.9358704,
              28.3628102
            ],
            [
              76.9369939,
              28.3628013
            ],
            [
              76.9370015,
              28.3635442
            ],
            [
              76.9371409,
              28.3635431
            ],
            [
              76.9371516,
              28.3645907
            ],
            [
              76.9369942,
              28.364592
            ],
            [
              76.9370013,
              28.3652932
            ],
            [
              76.93651,
              28.3652971
            ],
            [
              76.9359064,
              28.3653019
            ],
            [
              76.9358992,
              28.3645992
            ],
            [
              76.9357334,
              28.3646005
            ],
            [
              76.9357226,
              28.3635443
            ],
            [
              76.9358779,
              28.363543
            ],
            [
              76.9358704,
              28.3628102
            ]
          ]
        ]
      },
      "id": "way/272522250"
    },
    {
      "type": "Feature",
      "properties": {
        "@id": "way/272539540",
        "barrier": "wall",
        "leisure": "park"
      },
      "geometry": {
        "type": "Polygon",
        "coordinates": [
          [
            [
              76.8890358,
              28.3778056
            ],
            [
              76.8890389,
              28.3796911
            ],
            [
              76.8887646,
              28.3797049
            ],
            [
              76.8887397,
              28.3786381
            ],
            [
              76.8887276,
              28.3778094
            ],
            [
              76.8890358,
              28.3778056
            ]
          ]
        ]
      },
      "id": "way/272539540"
    },
    {
      "type": "Feature",
      "properties": {
        "@id": "way/272539541",
        "barrier": "wall",
        "leisure": "park"
      },
      "geometry": {
        "type": "Polygon",
        "coordinates": [
          [
            [
              76.888725,
              28.3775273
            ],
            [
              76.8887037,
              28.376723
            ],
            [
              76.8888713,
              28.3767176
            ],
            [
              76.8888591,
              28.376176
            ],
            [
              76.8889993,
              28.376176
            ],
            [
              76.8890115,
              28.377522
            ],
            [
              76.888725,
              28.3775273
            ]
          ]
        ]
      },
      "id": "way/272539541"
    },
    {
      "type": "Feature",
      "properties": {
        "@id": "way/272612965",
        "barrier": "wall",
        "leisure": "park"
      },
      "geometry": {
        "type": "Polygon",
        "coordinates": [
          [
            [
              77.0921054,
              28.4451382
            ],
            [
              77.0922543,
              28.4450244
            ],
            [
              77.0933969,
              28.4460347
            ],
            [
              77.0931153,
              28.4462653
            ],
            [
              77.0926816,
              28.4458953
            ],
            [
              77.0921054,
              28.4451382
            ]
          ]
        ]
      },
      "id": "way/272612965"
    },
    {
      "type": "Feature",
      "properties": {
        "@id": "way/272612967",
        "leisure": "park"
      },
      "geometry": {
        "type": "Polygon",
        "coordinates": [
          [
            [
              77.0749414,
              28.4373501
            ],
            [
              77.0749394,
              28.43717
            ],
            [
              77.0755463,
              28.4371685
            ],
            [
              77.0755425,
              28.4373849
            ],
            [
              77.0753411,
              28.4374856
            ],
            [
              77.0756386,
              28.4379689
            ],
            [
              77.0752855,
              28.4379485
            ],
            [
              77.0749353,
              28.4379428
            ],
            [
              77.0749414,
              28.4373501
            ]
          ]
        ]
      },
      "id": "way/272612967"
    },
    {
      "type": "Feature",
      "properties": {
        "@id": "way/272616513",
        "barrier": "wall",
        "leisure": "park"
      },
      "geometry": {
        "type": "Polygon",
        "coordinates": [
          [
            [
              77.0752578,
              28.4395452
            ],
            [
              77.0745683,
              28.4395538
            ],
            [
              77.0744615,
              28.439642
            ],
            [
              77.0744648,
              28.4400092
            ],
            [
              77.0742608,
              28.4400092
            ],
            [
              77.0742479,
              28.440271
            ],
            [
              77.0739566,
              28.4402767
            ],
            [
              77.0739533,
              28.4403422
            ],
            [
              77.0737883,
              28.4403479
            ],
            [
              77.0744381,
              28.4396349
            ],
            [
              77.07457,
              28.4395203
            ],
            [
              77.075261,
              28.439055
            ],
            [
              77.0752578,
              28.4395452
            ]
          ]
        ]
      },
      "id": "way/272616513"
    },
    {
      "type": "Feature",
      "properties": {
        "@id": "way/272616514",
        "barrier": "wall",
        "leisure": "park"
      },
      "geometry": {
        "type": "Polygon",
        "coordinates": [
          [
            [
              77.0751012,
              28.4396532
            ],
            [
              77.0754411,
              28.4396553
            ],
            [
              77.0754321,
              28.4408293
            ],
            [
              77.0750922,
              28.4408273
            ],
            [
              77.0751012,
              28.4396532
            ]
          ]
        ]
      },
      "id": "way/272616514"
    },
    {
      "type": "Feature",
      "properties": {
        "@id": "way/272616515",
        "barrier": "wall",
        "leisure": "park"
      },
      "geometry": {
        "type": "Polygon",
        "coordinates": [
          [
            [
              77.0750967,
              28.440955
            ],
            [
              77.0753945,
              28.440955
            ],
            [
              77.0753945,
              28.4413022
            ],
            [
              77.0750967,
              28.4413022
            ],
            [
              77.0750967,
              28.440955
            ]
          ]
        ]
      },
      "id": "way/272616515"
    },
    {
      "type": "Feature",
      "properties": {
        "@id": "way/272616517",
        "barrier": "wall",
        "leisure": "park"
      },
      "geometry": {
        "type": "Polygon",
        "coordinates": [
          [
            [
              77.075057,
              28.4414673
            ],
            [
              77.0753637,
              28.4414673
            ],
            [
              77.0753888,
              28.4420349
            ],
            [
              77.0753419,
              28.4421929
            ],
            [
              77.0751371,
              28.4422945
            ],
            [
              77.0751085,
              28.4425119
            ],
            [
              77.0750375,
              28.4425672
            ],
            [
              77.075057,
              28.4414673
            ]
          ]
        ]
      },
      "id": "way/272616517"
    },
    {
      "type": "Feature",
      "properties": {
        "@id": "way/272749561",
        "barrier": "wall",
        "leisure": "park"
      },
      "geometry": {
        "type": "Polygon",
        "coordinates": [
          [
            [
              77.0788499,
              28.4209015
            ],
            [
              77.0802192,
              28.4195422
            ],
            [
              77.0806733,
              28.419896
            ],
            [
              77.079304,
              28.4212553
            ],
            [
              77.0788499,
              28.4209015
            ]
          ]
        ]
      },
      "id": "way/272749561"
    },
    {
      "type": "Feature",
      "properties": {
        "@id": "way/272749571",
        "barrier": "wall",
        "leisure": "park"
      },
      "geometry": {
        "type": "Polygon",
        "coordinates": [
          [
            [
              77.0774057,
              28.4222806
            ],
            [
              77.0779921,
              28.4216381
            ],
            [
              77.0779921,
              28.4220318
            ],
            [
              77.0785065,
              28.4220272
            ],
            [
              77.0778532,
              28.422647
            ],
            [
              77.0770946,
              28.422651
            ],
            [
              77.0770867,
              28.4220152
            ],
            [
              77.0774057,
              28.4222806
            ]
          ]
        ]
      },
      "id": "way/272749571"
    },
    {
      "type": "Feature",
      "properties": {
        "@id": "way/273327656",
        "barrier": "wall",
        "leisure": "park"
      },
      "geometry": {
        "type": "Polygon",
        "coordinates": [
          [
            [
              77.0150181,
              28.4072048
            ],
            [
              77.0157981,
              28.407213
            ],
            [
              77.0157842,
              28.4072538
            ],
            [
              77.0150274,
              28.4074825
            ],
            [
              77.0150181,
              28.4072048
            ]
          ]
        ]
      },
      "id": "way/273327656"
    },
    {
      "type": "Feature",
      "properties": {
        "@id": "way/273327657",
        "barrier": "wall",
        "leisure": "park"
      },
      "geometry": {
        "type": "Polygon",
        "coordinates": [
          [
            [
              77.0137446,
              28.4041815
            ],
            [
              77.0139605,
              28.4041815
            ],
            [
              77.0139442,
              28.4067787
            ],
            [
              77.0137516,
              28.4067767
            ],
            [
              77.0137446,
              28.4041815
            ]
          ]
        ]
      },
      "id": "way/273327657"
    },
    {
      "type": "Feature",
      "properties": {
        "@id": "way/273327658",
        "barrier": "wall",
        "leisure": "park"
      },
      "geometry": {
        "type": "Polygon",
        "coordinates": [
          [
            [
              77.0174857,
              28.4069714
            ],
            [
              77.017709,
              28.4069165
            ],
            [
              77.0179256,
              28.407445
            ],
            [
              77.0179224,
              28.4080167
            ],
            [
              77.0174857,
              28.4069714
            ]
          ]
        ]
      },
      "id": "way/273327658"
    },
    {
      "type": "Feature",
      "properties": {
        "@id": "way/273327659",
        "barrier": "wall",
        "leisure": "park"
      },
      "geometry": {
        "type": "Polygon",
        "coordinates": [
          [
            [
              77.0148596,
              28.4041508
            ],
            [
              77.0150828,
              28.4041479
            ],
            [
              77.015096,
              28.406972
            ],
            [
              77.0148465,
              28.406972
            ],
            [
              77.0148596,
              28.4041508
            ]
          ]
        ]
      },
      "id": "way/273327659"
    },
    {
      "type": "Feature",
      "properties": {
        "@id": "way/273327661",
        "barrier": "wall",
        "leisure": "park"
      },
      "geometry": {
        "type": "Polygon",
        "coordinates": [
          [
            [
              77.0145608,
              28.4095345
            ],
            [
              77.0155126,
              28.409218
            ],
            [
              77.0155335,
              28.4093916
            ],
            [
              77.0146212,
              28.4096795
            ],
            [
              77.0145608,
              28.4095345
            ]
          ]
        ]
      },
      "id": "way/273327661"
    },
    {
      "type": "Feature",
      "properties": {
        "@id": "way/273327662",
        "barrier": "wall",
        "leisure": "park"
      },
      "geometry": {
        "type": "Polygon",
        "coordinates": [
          [
            [
              77.0163989,
              28.4072601
            ],
            [
              77.0165631,
              28.4072084
            ],
            [
              77.0170691,
              28.4084528
            ],
            [
              77.0169048,
              28.4085045
            ],
            [
              77.0163989,
              28.4072601
            ]
          ]
        ]
      },
      "id": "way/273327662"
    },
    {
      "type": "Feature",
      "properties": {
        "@id": "way/273327664",
        "barrier": "wall",
        "leisure": "park"
      },
      "geometry": {
        "type": "Polygon",
        "coordinates": [
          [
            [
              77.0142171,
              28.4086551
            ],
            [
              77.0151169,
              28.4083346
            ],
            [
              77.0151901,
              28.4084936
            ],
            [
              77.0142903,
              28.4088141
            ],
            [
              77.0142171,
              28.4086551
            ]
          ]
        ]
      },
      "id": "way/273327664"
    },
    {
      "type": "Feature",
      "properties": {
        "@id": "way/273327665",
        "barrier": "wall",
        "leisure": "park"
      },
      "geometry": {
        "type": "Polygon",
        "coordinates": [
          [
            [
              77.0134622,
              28.4068847
            ],
            [
              77.0146473,
              28.4068674
            ],
            [
              77.0146572,
              28.4069078
            ],
            [
              77.0135902,
              28.4072052
            ],
            [
              77.0134622,
              28.4068847
            ]
          ]
        ]
      },
      "id": "way/273327665"
    },
    {
      "type": "Feature",
      "properties": {
        "@id": "way/273409239",
        "barrier": "wall",
        "leisure": "park"
      },
      "geometry": {
        "type": "Polygon",
        "coordinates": [
          [
            [
              77.0309664,
              28.510673
            ],
            [
              77.0318469,
              28.5106435
            ],
            [
              77.0318482,
              28.5107111
            ],
            [
              77.0342051,
              28.5107007
            ],
            [
              77.0342079,
              28.5105872
            ],
            [
              77.0346943,
              28.5105848
            ],
            [
              77.0346998,
              28.510918
            ],
            [
              77.0326673,
              28.5109424
            ],
            [
              77.0326731,
              28.5110171
            ],
            [
              77.031201,
              28.5110093
            ],
            [
              77.0309664,
              28.510673
            ]
          ]
        ]
      },
      "id": "way/273409239"
    },
    {
      "type": "Feature",
      "properties": {
        "@id": "way/273409242",
        "leisure": "park"
      },
      "geometry": {
        "type": "Polygon",
        "coordinates": [
          [
            [
              77.0448026,
              28.521724
            ],
            [
              77.0454649,
              28.5217312
            ],
            [
              77.0449675,
              28.5219678
            ],
            [
              77.0448026,
              28.521724
            ]
          ]
        ]
      },
      "id": "way/273409242"
    },
    {
      "type": "Feature",
      "properties": {
        "@id": "way/273409243",
        "barrier": "wall",
        "leisure": "park"
      },
      "geometry": {
        "type": "Polygon",
        "coordinates": [
          [
            [
              77.0289422,
              28.5084779
            ],
            [
              77.0297035,
              28.5084562
            ],
            [
              77.0297255,
              28.5094077
            ],
            [
              77.0289422,
              28.5084779
            ]
          ]
        ]
      },
      "id": "way/273409243"
    },
    {
      "type": "Feature",
      "properties": {
        "@id": "way/273409244",
        "leisure": "park"
      },
      "geometry": {
        "type": "Polygon",
        "coordinates": [
          [
            [
              77.041898,
              28.522448
            ],
            [
              77.0421312,
              28.5222892
            ],
            [
              77.0421428,
              28.5226546
            ],
            [
              77.041898,
              28.522448
            ]
          ]
        ]
      },
      "id": "way/273409244"
    },
    {
      "type": "Feature",
      "properties": {
        "@id": "way/273409245",
        "leisure": "park"
      },
      "geometry": {
        "type": "Polygon",
        "coordinates": [
          [
            [
              77.0379365,
              28.5068198
            ],
            [
              77.0382031,
              28.5071169
            ],
            [
              77.037931,
              28.507112
            ],
            [
              77.0379365,
              28.5068198
            ]
          ]
        ]
      },
      "id": "way/273409245"
    },
    {
      "type": "Feature",
      "properties": {
        "@id": "way/273409246",
        "barrier": "wall",
        "leisure": "park"
      },
      "geometry": {
        "type": "Polygon",
        "coordinates": [
          [
            [
              77.0382046,
              28.5126426
            ],
            [
              77.0385756,
              28.5123492
            ],
            [
              77.0385894,
              28.5126414
            ],
            [
              77.0382046,
              28.5126426
            ]
          ]
        ]
      },
      "id": "way/273409246"
    },
    {
      "type": "Feature",
      "properties": {
        "@id": "way/273409247",
        "leisure": "park"
      },
      "geometry": {
        "type": "Polygon",
        "coordinates": [
          [
            [
              77.0405037,
              28.5193617
            ],
            [
              77.0412622,
              28.5193713
            ],
            [
              77.0412897,
              28.5202165
            ],
            [
              77.0405037,
              28.5193617
            ]
          ]
        ]
      },
      "id": "way/273409247"
    },
    {
      "type": "Feature",
      "properties": {
        "@id": "way/273409248",
        "barrier": "wall",
        "leisure": "park"
      },
      "geometry": {
        "type": "Polygon",
        "coordinates": [
          [
            [
              77.0326596,
              28.5127567
            ],
            [
              77.0324652,
              28.5125348
            ],
            [
              77.0326576,
              28.5123862
            ],
            [
              77.0326596,
              28.5127567
            ]
          ]
        ]
      },
      "id": "way/273409248"
    },
    {
      "type": "Feature",
      "properties": {
        "@id": "way/273409249",
        "leisure": "park"
      },
      "geometry": {
        "type": "Polygon",
        "coordinates": [
          [
            [
              77.0418883,
              28.5220058
            ],
            [
              77.0421156,
              28.5218351
            ],
            [
              77.042137,
              28.5222534
            ],
            [
              77.0418883,
              28.5220058
            ]
          ]
        ]
      },
      "id": "way/273409249"
    },
    {
      "type": "Feature",
      "properties": {
        "@id": "way/273409250",
        "barrier": "wall",
        "leisure": "park"
      },
      "geometry": {
        "type": "Polygon",
        "coordinates": [
          [
            [
              77.0419944,
              28.5119743
            ],
            [
              77.0423112,
              28.5122816
            ],
            [
              77.0419983,
              28.512285
            ],
            [
              77.0419944,
              28.5119743
            ]
          ]
        ]
      },
      "id": "way/273409250"
    },
    {
      "type": "Feature",
      "properties": {
        "@id": "way/273409251",
        "leisure": "park"
      },
      "geometry": {
        "type": "Polygon",
        "coordinates": [
          [
            [
              77.0438243,
              28.5217505
            ],
            [
              77.0443437,
              28.5217505
            ],
            [
              77.043838,
              28.5220065
            ],
            [
              77.0438243,
              28.5217505
            ]
          ]
        ]
      },
      "id": "way/273409251"
    },
    {
      "type": "Feature",
      "properties": {
        "@id": "way/273409252",
        "barrier": "wall",
        "leisure": "park"
      },
      "geometry": {
        "type": "Polygon",
        "coordinates": [
          [
            [
              77.0320727,
              28.5114232
            ],
            [
              77.0326323,
              28.511413
            ],
            [
              77.0326401,
              28.512055
            ],
            [
              77.0320727,
              28.5114232
            ]
          ]
        ]
      },
      "id": "way/273409252"
    },
    {
      "type": "Feature",
      "properties": {
        "@id": "way/273409253",
        "barrier": "wall",
        "leisure": "park"
      },
      "geometry": {
        "type": "Polygon",
        "coordinates": [
          [
            [
              77.0342528,
              28.5135677
            ],
            [
              77.0347386,
              28.5135608
            ],
            [
              77.0347441,
              28.5141114
            ],
            [
              77.0342528,
              28.5135677
            ]
          ]
        ]
      },
      "id": "way/273409253"
    },
    {
      "type": "Feature",
      "properties": {
        "@id": "way/273409254",
        "barrier": "wall",
        "leisure": "park"
      },
      "geometry": {
        "type": "Polygon",
        "coordinates": [
          [
            [
              77.0342586,
              28.5057614
            ],
            [
              77.0345307,
              28.5063555
            ],
            [
              77.0342696,
              28.5063579
            ],
            [
              77.0342586,
              28.5057614
            ]
          ]
        ]
      },
      "id": "way/273409254"
    },
    {
      "type": "Feature",
      "properties": {
        "@id": "way/273409256",
        "barrier": "wall",
        "leisure": "park"
      },
      "geometry": {
        "type": "Polygon",
        "coordinates": [
          [
            [
              77.0357114,
              28.5077033
            ],
            [
              77.0359951,
              28.5076947
            ],
            [
              77.0360184,
              28.508499
            ],
            [
              77.0357114,
              28.5077033
            ]
          ]
        ]
      },
      "id": "way/273409256"
    },
    {
      "type": "Feature",
      "properties": {
        "@id": "way/273409257",
        "leisure": "park"
      },
      "geometry": {
        "type": "Polygon",
        "coordinates": [
          [
            [
              77.0422792,
              28.5227487
            ],
            [
              77.0436807,
              28.5227439
            ],
            [
              77.042892,
              28.5232703
            ],
            [
              77.0422792,
              28.5227487
            ]
          ]
        ]
      },
      "id": "way/273409257"
    },
    {
      "type": "Feature",
      "properties": {
        "@id": "way/273409258",
        "leisure": "park"
      },
      "geometry": {
        "type": "Polygon",
        "coordinates": [
          [
            [
              77.0457485,
              28.52158
            ],
            [
              77.0457672,
              28.5212214
            ],
            [
              77.046413,
              28.5212335
            ],
            [
              77.0457485,
              28.52158
            ]
          ]
        ]
      },
      "id": "way/273409258"
    },
    {
      "type": "Feature",
      "properties": {
        "@id": "way/273409259",
        "barrier": "wall",
        "leisure": "park"
      },
      "geometry": {
        "type": "Polygon",
        "coordinates": [
          [
            [
              77.0333583,
              28.5135645
            ],
            [
              77.0340481,
              28.5135539
            ],
            [
              77.0335878,
              28.5138196
            ],
            [
              77.0333583,
              28.5135645
            ]
          ]
        ]
      },
      "id": "way/273409259"
    },
    {
      "type": "Feature",
      "properties": {
        "@id": "way/273409260",
        "barrier": "wall",
        "leisure": "park"
      },
      "geometry": {
        "type": "Polygon",
        "coordinates": [
          [
            [
              77.0286793,
              28.5041323
            ],
            [
              77.028722,
              28.5047743
            ],
            [
              77.0284597,
              28.5047829
            ],
            [
              77.0286793,
              28.5041323
            ]
          ]
        ]
      },
      "id": "way/273409260"
    },
    {
      "type": "Feature",
      "properties": {
        "@id": "way/273409261",
        "leisure": "park"
      },
      "geometry": {
        "type": "Polygon",
        "coordinates": [
          [
            [
              77.0410533,
              28.5207187
            ],
            [
              77.0414271,
              28.5204434
            ],
            [
              77.0414875,
              28.5211147
            ],
            [
              77.0410533,
              28.5207187
            ]
          ]
        ]
      },
      "id": "way/273409261"
    },
    {
      "type": "Feature",
      "properties": {
        "@id": "way/273409262",
        "barrier": "wall",
        "leisure": "park"
      },
      "geometry": {
        "type": "Polygon",
        "coordinates": [
          [
            [
              77.0424414,
              28.5124643
            ],
            [
              77.0428611,
              28.5129561
            ],
            [
              77.0424608,
              28.5129527
            ],
            [
              77.0424414,
              28.5124643
            ]
          ]
        ]
      },
      "id": "way/273409262"
    },
    {
      "type": "Feature",
      "properties": {
        "@id": "way/273409265",
        "barrier": "wall",
        "leisure": "park"
      },
      "geometry": {
        "type": "Polygon",
        "coordinates": [
          [
            [
              77.0293682,
              28.5061547
            ],
            [
              77.0297887,
              28.5061499
            ],
            [
              77.0297914,
              28.5064397
            ],
            [
              77.0293654,
              28.5064542
            ],
            [
              77.0293682,
              28.5061547
            ]
          ]
        ]
      },
      "id": "way/273409265"
    },
    {
      "type": "Feature",
      "properties": {
        "@id": "way/273409266",
        "leisure": "park"
      },
      "geometry": {
        "type": "Polygon",
        "coordinates": [
          [
            [
              77.0415832,
              28.5212751
            ],
            [
              77.0422905,
              28.521258
            ],
            [
              77.0423041,
              28.5216609
            ],
            [
              77.041968,
              28.5216575
            ],
            [
              77.0415832,
              28.5212751
            ]
          ]
        ]
      },
      "id": "way/273409266"
    },
    {
      "type": "Feature",
      "properties": {
        "@id": "way/273409267",
        "leisure": "park"
      },
      "geometry": {
        "type": "Polygon",
        "coordinates": [
          [
            [
              77.0466081,
              28.520372
            ],
            [
              77.0472621,
              28.5203744
            ],
            [
              77.0472621,
              28.5207487
            ],
            [
              77.0466273,
              28.5211278
            ],
            [
              77.0466081,
              28.520372
            ]
          ]
        ]
      },
      "id": "way/273409267"
    },
    {
      "type": "Feature",
      "properties": {
        "@id": "way/273409268",
        "barrier": "wall",
        "leisure": "park"
      },
      "geometry": {
        "type": "Polygon",
        "coordinates": [
          [
            [
              77.0334778,
              28.5119752
            ],
            [
              77.033477,
              28.5118955
            ],
            [
              77.0341406,
              28.5118902
            ],
            [
              77.0341414,
              28.5119699
            ],
            [
              77.0334778,
              28.5119752
            ]
          ]
        ]
      },
      "id": "way/273409268"
    },
    {
      "type": "Feature",
      "properties": {
        "@id": "way/273409269",
        "barrier": "wall",
        "leisure": "park"
      },
      "geometry": {
        "type": "Polygon",
        "coordinates": [
          [
            [
              77.0395494,
              28.5105853
            ],
            [
              77.038912,
              28.5109507
            ],
            [
              77.0361992,
              28.5109336
            ],
            [
              77.0361992,
              28.5105989
            ],
            [
              77.0395494,
              28.5105853
            ]
          ]
        ]
      },
      "id": "way/273409269"
    },
    {
      "type": "Feature",
      "properties": {
        "@id": "way/273409270",
        "barrier": "wall",
        "leisure": "park"
      },
      "geometry": {
        "type": "Polygon",
        "coordinates": [
          [
            [
              77.035019,
              28.5063654
            ],
            [
              77.0355522,
              28.5063581
            ],
            [
              77.0355659,
              28.5067083
            ],
            [
              77.0351839,
              28.5066962
            ],
            [
              77.035019,
              28.5063654
            ]
          ]
        ]
      },
      "id": "way/273409270"
    },
    {
      "type": "Feature",
      "properties": {
        "@id": "way/273409271",
        "barrier": "wall",
        "leisure": "park"
      },
      "geometry": {
        "type": "Polygon",
        "coordinates": [
          [
            [
              77.0367394,
              28.5059349
            ],
            [
              77.0371901,
              28.5059373
            ],
            [
              77.0375034,
              28.5062923
            ],
            [
              77.0367559,
              28.5062996
            ],
            [
              77.0367394,
              28.5059349
            ]
          ]
        ]
      },
      "id": "way/273409271"
    },
    {
      "type": "Feature",
      "properties": {
        "@id": "way/273409275",
        "barrier": "wall",
        "leisure": "park"
      },
      "geometry": {
        "type": "Polygon",
        "coordinates": [
          [
            [
              77.0420438,
              28.5244046
            ],
            [
              77.042412,
              28.52411
            ],
            [
              77.0426869,
              28.5243466
            ],
            [
              77.0421702,
              28.5245446
            ],
            [
              77.0420438,
              28.5244046
            ]
          ]
        ]
      },
      "id": "way/273409275"
    },
    {
      "type": "Feature",
      "properties": {
        "@id": "way/273409276",
        "barrier": "wall",
        "leisure": "park"
      },
      "geometry": {
        "type": "Polygon",
        "coordinates": [
          [
            [
              77.0395732,
              28.5214926
            ],
            [
              77.0396199,
              28.5214588
            ],
            [
              77.0405983,
              28.5223594
            ],
            [
              77.0404251,
              28.5225043
            ],
            [
              77.0395732,
              28.5214926
            ]
          ]
        ]
      },
      "id": "way/273409276"
    },
    {
      "type": "Feature",
      "properties": {
        "@id": "way/273409277",
        "barrier": "wall",
        "leisure": "park"
      },
      "geometry": {
        "type": "Polygon",
        "coordinates": [
          [
            [
              77.032633,
              28.5055524
            ],
            [
              77.0326237,
              28.5051076
            ],
            [
              77.0330765,
              28.5051009
            ],
            [
              77.033076,
              28.5055507
            ],
            [
              77.032633,
              28.5055524
            ]
          ]
        ]
      },
      "id": "way/273409277"
    },
    {
      "type": "Feature",
      "properties": {
        "@id": "way/273409278",
        "barrier": "wall",
        "leisure": "park"
      },
      "geometry": {
        "type": "Polygon",
        "coordinates": [
          [
            [
              77.0294617,
              28.5045401
            ],
            [
              77.0297783,
              28.5045378
            ],
            [
              77.0297827,
              28.504764
            ],
            [
              77.0294638,
              28.5047698
            ],
            [
              77.0294617,
              28.5045401
            ]
          ]
        ]
      },
      "id": "way/273409278"
    },
    {
      "type": "Feature",
      "properties": {
        "@id": "way/273409284",
        "barrier": "wall",
        "leisure": "park"
      },
      "geometry": {
        "type": "Polygon",
        "coordinates": [
          [
            [
              77.0317747,
              28.5057471
            ],
            [
              77.0320356,
              28.5057423
            ],
            [
              77.0320479,
              28.5062556
            ],
            [
              77.031787,
              28.5062604
            ],
            [
              77.0317747,
              28.5057471
            ]
          ]
        ]
      },
      "id": "way/273409284"
    },
    {
      "type": "Feature",
      "properties": {
        "@id": "way/273409285",
        "barrier": "wall",
        "leisure": "park"
      },
      "geometry": {
        "type": "Polygon",
        "coordinates": [
          [
            [
              77.0342208,
              28.5145748
            ],
            [
              77.034695,
              28.5142777
            ],
            [
              77.03473,
              28.5145611
            ],
            [
              77.0345512,
              28.5147148
            ],
            [
              77.0342986,
              28.5146772
            ],
            [
              77.0342208,
              28.5145748
            ]
          ]
        ]
      },
      "id": "way/273409285"
    },
    {
      "type": "Feature",
      "properties": {
        "@id": "way/273409286",
        "barrier": "wall",
        "leisure": "park"
      },
      "geometry": {
        "type": "Polygon",
        "coordinates": [
          [
            [
              77.0298561,
              28.5106843
            ],
            [
              77.0304642,
              28.510651
            ],
            [
              77.0307036,
              28.5105943
            ],
            [
              77.0309553,
              28.5110851
            ],
            [
              77.0301446,
              28.5110851
            ],
            [
              77.0298561,
              28.5106843
            ]
          ]
        ]
      },
      "id": "way/273409286"
    },
    {
      "type": "Feature",
      "properties": {
        "@id": "way/273409292",
        "barrier": "wall",
        "leisure": "park"
      },
      "geometry": {
        "type": "Polygon",
        "coordinates": [
          [
            [
              77.0283203,
              28.5071317
            ],
            [
              77.0283246,
              28.5068881
            ],
            [
              77.0285798,
              28.5068873
            ],
            [
              77.0285792,
              28.5067412
            ],
            [
              77.0287183,
              28.5067419
            ],
            [
              77.0287154,
              28.507134
            ],
            [
              77.0283203,
              28.5071317
            ]
          ]
        ]
      },
      "id": "way/273409292"
    },
    {
      "type": "Feature",
      "properties": {
        "@id": "way/273409293",
        "barrier": "wall",
        "leisure": "park"
      },
      "geometry": {
        "type": "Polygon",
        "coordinates": [
          [
            [
              77.0348234,
              28.5106257
            ],
            [
              77.0353833,
              28.5106177
            ],
            [
              77.0353853,
              28.5107253
            ],
            [
              77.0360195,
              28.5107163
            ],
            [
              77.0360238,
              28.510948
            ],
            [
              77.0348296,
              28.5109649
            ],
            [
              77.0348234,
              28.5106257
            ]
          ]
        ]
      },
      "id": "way/273409293"
    },
    {
      "type": "Feature",
      "properties": {
        "@id": "way/273409295",
        "barrier": "wall",
        "leisure": "park"
      },
      "geometry": {
        "type": "Polygon",
        "coordinates": [
          [
            [
              77.033796,
              28.5148989
            ],
            [
              77.0340477,
              28.5147461
            ],
            [
              77.0342319,
              28.5149804
            ],
            [
              77.0337421,
              28.5152777
            ],
            [
              77.0336476,
              28.5151575
            ],
            [
              77.0338857,
              28.515013
            ],
            [
              77.033796,
              28.5148989
            ]
          ]
        ]
      },
      "id": "way/273409295"
    },
    {
      "type": "Feature",
      "properties": {
        "@id": "way/273409298",
        "barrier": "wall",
        "leisure": "park"
      },
      "geometry": {
        "type": "Polygon",
        "coordinates": [
          [
            [
              77.0409165,
              28.5181025
            ],
            [
              77.0409632,
              28.5179938
            ],
            [
              77.0410457,
              28.517861
            ],
            [
              77.0411336,
              28.5177572
            ],
            [
              77.0412326,
              28.5176678
            ],
            [
              77.0413452,
              28.5175881
            ],
            [
              77.0413452,
              28.5180952
            ],
            [
              77.0409165,
              28.5181025
            ]
          ]
        ]
      },
      "id": "way/273409298"
    },
    {
      "type": "Feature",
      "properties": {
        "@id": "way/273417183",
        "leisure": "park"
      },
      "geometry": {
        "type": "Polygon",
        "coordinates": [
          [
            [
              77.020701,
              28.4998629
            ],
            [
              77.0204675,
              28.4995847
            ],
            [
              77.0208488,
              28.4993433
            ],
            [
              77.0211785,
              28.4997405
            ],
            [
              77.0209483,
              28.4998879
            ],
            [
              77.020701,
              28.4998629
            ]
          ]
        ]
      },
      "id": "way/273417183"
    },
    {
      "type": "Feature",
      "properties": {
        "@id": "way/280018227",
        "barrier": "wall",
        "leisure": "park"
      },
      "geometry": {
        "type": "Polygon",
        "coordinates": [
          [
            [
              77.1495149,
              28.5362819
            ],
            [
              77.1496576,
              28.5361922
            ],
            [
              77.1495813,
              28.5365814
            ],
            [
              77.1499861,
              28.5371686
            ],
            [
              77.1497111,
              28.537333
            ],
            [
              77.1500663,
              28.5378229
            ],
            [
              77.1518308,
              28.5368398
            ],
            [
              77.1514069,
              28.536219
            ],
            [
              77.1518765,
              28.5359497
            ],
            [
              77.1525233,
              28.53685
            ],
            [
              77.1533219,
              28.5364072
            ],
            [
              77.1537533,
              28.5369565
            ],
            [
              77.1533806,
              28.5372744
            ],
            [
              77.1531807,
              28.5370039
            ],
            [
              77.1522244,
              28.5375581
            ],
            [
              77.1505175,
              28.5385265
            ],
            [
              77.147463,
              28.5403
            ],
            [
              77.1473366,
              28.5402163
            ],
            [
              77.1472123,
              28.5402638
            ],
            [
              77.1470287,
              28.5403729
            ],
            [
              77.1467262,
              28.5400621
            ],
            [
              77.14782,
              28.5394049
            ],
            [
              77.1477021,
              28.5392555
            ],
            [
              77.149037,
              28.5384835
            ],
            [
              77.1495149,
              28.5362819
            ]
          ]
        ]
      },
      "id": "way/280018227"
    },
    {
      "type": "Feature",
      "properties": {
        "@id": "way/282431807",
        "leisure": "park"
      },
      "geometry": {
        "type": "Polygon",
        "coordinates": [
          [
            [
              77.0080459,
              28.445585
            ],
            [
              77.0077996,
              28.445331
            ],
            [
              77.0080625,
              28.4451399
            ],
            [
              77.0081751,
              28.4452697
            ],
            [
              77.0082356,
              28.4454479
            ],
            [
              77.0080459,
              28.445585
            ]
          ]
        ]
      },
      "id": "way/282431807"
    },
    {
      "type": "Feature",
      "properties": {
        "@id": "way/297353904",
        "leisure": "park",
        "name": "Triangle Park"
      },
      "geometry": {
        "type": "Polygon",
        "coordinates": [
          [
            [
              77.0633618,
              28.4444362
            ],
            [
              77.0636286,
              28.444244
            ],
            [
              77.0638097,
              28.4444256
            ],
            [
              77.0633618,
              28.4444362
            ]
          ]
        ]
      },
      "id": "way/297353904"
    },
    {
      "type": "Feature",
      "properties": {
        "@id": "way/297353910",
        "leisure": "park",
        "name": "Triangle Children Park"
      },
      "geometry": {
        "type": "Polygon",
        "coordinates": [
          [
            [
              77.0639787,
              28.4444102
            ],
            [
              77.064216,
              28.444244
            ],
            [
              77.0643569,
              28.4443961
            ],
            [
              77.0639787,
              28.4444102
            ]
          ]
        ]
      },
      "id": "way/297353910"
    },
    {
      "type": "Feature",
      "properties": {
        "@id": "way/340400594",
        "leisure": "park",
        "name": "D 6 Park"
      },
      "geometry": {
        "type": "Polygon",
        "coordinates": [
          [
            [
              77.1467951,
              28.526819
            ],
            [
              77.1464988,
              28.5261104
            ],
            [
              77.1463392,
              28.5253532
            ],
            [
              77.1469185,
              28.5253579
            ],
            [
              77.146999,
              28.5258245
            ],
            [
              77.1467898,
              28.5259329
            ],
            [
              77.1469292,
              28.526145
            ],
            [
              77.1472457,
              28.5265833
            ],
            [
              77.1467951,
              28.526819
            ]
          ]
        ]
      },
      "id": "way/340400594"
    },
    {
      "type": "Feature",
      "properties": {
        "@id": "way/349910266",
        "barrier": "wall",
        "leisure": "park"
      },
      "geometry": {
        "type": "Polygon",
        "coordinates": [
          [
            [
              77.0464009,
              28.505034
            ],
            [
              77.0470548,
              28.504976
            ],
            [
              77.0472137,
              28.5053029
            ],
            [
              77.0466198,
              28.5054531
            ],
            [
              77.0464009,
              28.505034
            ]
          ]
        ]
      },
      "id": "way/349910266"
    },
    {
      "type": "Feature",
      "properties": {
        "@id": "way/349910269",
        "barrier": "wall",
        "leisure": "park"
      },
      "geometry": {
        "type": "Polygon",
        "coordinates": [
          [
            [
              77.0471237,
              28.5045015
            ],
            [
              77.0474297,
              28.5044936
            ],
            [
              77.0475977,
              28.5048389
            ],
            [
              77.0472047,
              28.5049971
            ],
            [
              77.0471507,
              28.5049075
            ],
            [
              77.0471237,
              28.5045015
            ]
          ]
        ]
      },
      "id": "way/349910269"
    },
    {
      "type": "Feature",
      "properties": {
        "@id": "way/349910273",
        "barrier": "wall",
        "leisure": "park"
      },
      "geometry": {
        "type": "Polygon",
        "coordinates": [
          [
            [
              77.0468088,
              28.5059856
            ],
            [
              77.0468058,
              28.5058854
            ],
            [
              77.0474087,
              28.5057431
            ],
            [
              77.0478196,
              28.5066366
            ],
            [
              77.0475587,
              28.5067342
            ],
            [
              77.0474927,
              28.5065813
            ],
            [
              77.0474807,
              28.505975
            ],
            [
              77.0468088,
              28.5059856
            ]
          ]
        ]
      },
      "id": "way/349910273"
    },
    {
      "type": "Feature",
      "properties": {
        "@id": "way/401251826",
        "leisure": "park"
      },
      "geometry": {
        "type": "Polygon",
        "coordinates": [
          [
            [
              76.9420087,
              28.3448026
            ],
            [
              76.9419995,
              28.3439606
            ],
            [
              76.9429456,
              28.3439527
            ],
            [
              76.9429547,
              28.3447947
            ],
            [
              76.9420087,
              28.3448026
            ]
          ]
        ]
      },
      "id": "way/401251826"
    },
    {
      "type": "Feature",
      "properties": {
        "@id": "way/411357284",
        "leisure": "park"
      },
      "geometry": {
        "type": "Polygon",
        "coordinates": [
          [
            [
              77.0730374,
              28.4454572
            ],
            [
              77.0729274,
              28.4455479
            ],
            [
              77.0727778,
              28.4455497
            ],
            [
              77.0727215,
              28.445483
            ],
            [
              77.0728932,
              28.4453428
            ],
            [
              77.0730374,
              28.4454572
            ]
          ]
        ]
      },
      "id": "way/411357284"
    },
    {
      "type": "Feature",
      "properties": {
        "@id": "way/411357289",
        "leisure": "park"
      },
      "geometry": {
        "type": "Polygon",
        "coordinates": [
          [
            [
              77.0733119,
              28.4448424
            ],
            [
              77.073107,
              28.444631
            ],
            [
              77.0729448,
              28.4444636
            ],
            [
              77.0729113,
              28.4443563
            ],
            [
              77.0730534,
              28.444262
            ],
            [
              77.0733086,
              28.4445288
            ],
            [
              77.073489,
              28.4447174
            ],
            [
              77.0733119,
              28.4448424
            ]
          ]
        ]
      },
      "id": "way/411357289"
    },
    {
      "type": "Feature",
      "properties": {
        "@id": "way/414178866",
        "leisure": "park",
        "name": "Candor Badminton Court And Park"
      },
      "geometry": {
        "type": "Polygon",
        "coordinates": [
          [
            [
              77.0721026,
              28.5107198
            ],
            [
              77.072024,
              28.5106091
            ],
            [
              77.0722184,
              28.5105026
            ],
            [
              77.072297,
              28.5106132
            ],
            [
              77.0721026,
              28.5107198
            ]
          ]
        ]
      },
      "id": "way/414178866"
    },
    {
      "type": "Feature",
      "properties": {
        "@id": "way/420275291",
        "leisure": "park"
      },
      "geometry": {
        "type": "Polygon",
        "coordinates": [
          [
            [
              77.0576656,
              28.5054983
            ],
            [
              77.0577085,
              28.5049656
            ],
            [
              77.0581752,
              28.5055077
            ],
            [
              77.0576656,
              28.5054983
            ]
          ]
        ]
      },
      "id": "way/420275291"
    },
    {
      "type": "Feature",
      "properties": {
        "@id": "way/420981892",
        "landuse": "grass",
        "leisure": "park"
      },
      "geometry": {
        "type": "Polygon",
        "coordinates": [
          [
            [
              77.0418879,
              28.4585347
            ],
            [
              77.0416679,
              28.4592752
            ],
            [
              77.0410993,
              28.4589686
            ],
            [
              77.0413541,
              28.4581103
            ],
            [
              77.0418879,
              28.4585347
            ]
          ]
        ]
      },
      "id": "way/420981892"
    },
    {
      "type": "Feature",
      "properties": {
        "@id": "way/422805420",
        "leisure": "park"
      },
      "geometry": {
        "type": "Polygon",
        "coordinates": [
          [
            [
              77.0700963,
              28.4432448
            ],
            [
              77.0704504,
              28.4429831
            ],
            [
              77.070732,
              28.4432708
            ],
            [
              77.0705539,
              28.4434115
            ],
            [
              77.0703887,
              28.443542
            ],
            [
              77.0700963,
              28.4432448
            ]
          ]
        ]
      },
      "id": "way/422805420"
    },
    {
      "type": "Feature",
      "properties": {
        "@id": "way/423057677",
        "landuse": "grass",
        "leisure": "park"
      },
      "geometry": {
        "type": "Polygon",
        "coordinates": [
          [
            [
              77.062451,
              28.4362818
            ],
            [
              77.0625717,
              28.4364104
            ],
            [
              77.0626495,
              28.4365118
            ],
            [
              77.0621801,
              28.4368396
            ],
            [
              77.0620943,
              28.4367559
            ],
            [
              77.0619843,
              28.4366109
            ],
            [
              77.062451,
              28.4362818
            ]
          ]
        ]
      },
      "id": "way/423057677"
    },
    {
      "type": "Feature",
      "properties": {
        "@id": "way/423061730",
        "leisure": "park"
      },
      "geometry": {
        "type": "Polygon",
        "coordinates": [
          [
            [
              77.0688945,
              28.4531706
            ],
            [
              77.069388,
              28.4527791
            ],
            [
              77.0710402,
              28.4545006
            ],
            [
              77.0705145,
              28.4548968
            ],
            [
              77.0688945,
              28.4531706
            ]
          ]
        ]
      },
      "id": "way/423061730"
    },
    {
      "type": "Feature",
      "properties": {
        "@id": "way/423067661",
        "leisure": "park"
      },
      "geometry": {
        "type": "Polygon",
        "coordinates": [
          [
            [
              77.0633529,
              28.4546919
            ],
            [
              77.0633771,
              28.4536284
            ],
            [
              77.0638143,
              28.4535718
            ],
            [
              77.0637284,
              28.4547108
            ],
            [
              77.0633529,
              28.4546919
            ]
          ]
        ]
      },
      "id": "way/423067661"
    },
    {
      "type": "Feature",
      "properties": {
        "@id": "way/423108017",
        "landuse": "grass",
        "leisure": "park"
      },
      "geometry": {
        "type": "Polygon",
        "coordinates": [
          [
            [
              77.0652915,
              28.4367175
            ],
            [
              77.0655759,
              28.4365099
            ],
            [
              77.0658722,
              28.4368225
            ],
            [
              77.0655906,
              28.4370288
            ],
            [
              77.0652915,
              28.4367175
            ]
          ]
        ]
      },
      "id": "way/423108017"
    },
    {
      "type": "Feature",
      "properties": {
        "@id": "way/423115180",
        "addr:city": "Gurugram",
        "addr:postcode": "122001",
        "addr:street": "N Block",
        "leisure": "park",
        "name": "N Block Central Park",
        "operator": "RWA",
        "operator:type": "private"
      },
      "geometry": {
        "type": "Polygon",
        "coordinates": [
          [
            [
              77.061524,
              28.4265508
            ],
            [
              77.0614998,
              28.4261592
            ],
            [
              77.062342,
              28.4261215
            ],
            [
              77.062342,
              28.4265059
            ],
            [
              77.061524,
              28.4265508
            ]
          ]
        ]
      },
      "id": "way/423115180"
    },
    {
      "type": "Feature",
      "properties": {
        "@id": "way/423116763",
        "landuse": "grass",
        "leisure": "park"
      },
      "geometry": {
        "type": "Polygon",
        "coordinates": [
          [
            [
              77.0636925,
              28.4351801
            ],
            [
              77.06406,
              28.434923
            ],
            [
              77.0644516,
              28.4353429
            ],
            [
              77.064119,
              28.4355952
            ],
            [
              77.0636925,
              28.4351801
            ]
          ]
        ]
      },
      "id": "way/423116763"
    },
    {
      "type": "Feature",
      "properties": {
        "@id": "way/423270301",
        "landuse": "grass",
        "leisure": "park"
      },
      "geometry": {
        "type": "Polygon",
        "coordinates": [
          [
            [
              77.0682857,
              28.4042055
            ],
            [
              77.0682904,
              28.4036529
            ],
            [
              77.068405,
              28.4036541
            ],
            [
              77.068405,
              28.4036818
            ],
            [
              77.0684178,
              28.403703
            ],
            [
              77.0684352,
              28.4037219
            ],
            [
              77.0684567,
              28.4037319
            ],
            [
              77.0684788,
              28.4037408
            ],
            [
              77.068507,
              28.4037437
            ],
            [
              77.0685251,
              28.4037437
            ],
            [
              77.0682857,
              28.4042055
            ]
          ]
        ]
      },
      "id": "way/423270301"
    },
    {
      "type": "Feature",
      "properties": {
        "@id": "way/423270304",
        "landuse": "grass",
        "leisure": "park"
      },
      "geometry": {
        "type": "Polygon",
        "coordinates": [
          [
            [
              77.0704227,
              28.4066038
            ],
            [
              77.070416,
              28.4061095
            ],
            [
              77.070416,
              28.4060694
            ],
            [
              77.0704254,
              28.4060434
            ],
            [
              77.0704388,
              28.4060269
            ],
            [
              77.0704616,
              28.4060057
            ],
            [
              77.0704817,
              28.4059962
            ],
            [
              77.0706414,
              28.4059962
            ],
            [
              77.0707795,
              28.4059962
            ],
            [
              77.0708076,
              28.4060069
            ],
            [
              77.0708251,
              28.4060187
            ],
            [
              77.0708385,
              28.406034
            ],
            [
              77.0708532,
              28.4060517
            ],
            [
              77.0708573,
              28.4060706
            ],
            [
              77.0708559,
              28.4063961
            ],
            [
              77.0708559,
              28.4066014
            ],
            [
              77.0708492,
              28.4066226
            ],
            [
              77.0708385,
              28.4066368
            ],
            [
              77.0708251,
              28.4066509
            ],
            [
              77.0707982,
              28.4066639
            ],
            [
              77.0705059,
              28.4066663
            ],
            [
              77.0704817,
              28.4066592
            ],
            [
              77.0704643,
              28.4066439
            ],
            [
              77.0704388,
              28.4066297
            ],
            [
              77.0704227,
              28.4066038
            ]
          ]
        ]
      },
      "id": "way/423270304"
    },
    {
      "type": "Feature",
      "properties": {
        "@id": "way/423270305",
        "landuse": "grass",
        "leisure": "park"
      },
      "geometry": {
        "type": "Polygon",
        "coordinates": [
          [
            [
              77.0696349,
              28.4063891
            ],
            [
              77.0703028,
              28.406388
            ],
            [
              77.0702948,
              28.4076749
            ],
            [
              77.0696867,
              28.4076749
            ],
            [
              77.0696964,
              28.4076244
            ],
            [
              77.0697031,
              28.4076032
            ],
            [
              77.0697106,
              28.4075828
            ],
            [
              77.0697255,
              28.4075664
            ],
            [
              77.0697275,
              28.4075523
            ],
            [
              77.0697811,
              28.4075263
            ],
            [
              77.0698106,
              28.4075027
            ],
            [
              77.0698348,
              28.407465
            ],
            [
              77.0698549,
              28.4074213
            ],
            [
              77.0698777,
              28.40736
            ],
            [
              77.0698978,
              28.407301
            ],
            [
              77.0699139,
              28.4072314
            ],
            [
              77.0699058,
              28.4071724
            ],
            [
              77.0698857,
              28.4071252
            ],
            [
              77.0698589,
              28.4070863
            ],
            [
              77.0698106,
              28.4070509
            ],
            [
              77.0697449,
              28.4070179
            ],
            [
              77.0696953,
              28.4070025
            ],
            [
              77.0696577,
              28.4069459
            ],
            [
              77.0696349,
              28.406782
            ],
            [
              77.0696349,
              28.4063891
            ]
          ]
        ]
      },
      "id": "way/423270305"
    },
    {
      "type": "Feature",
      "properties": {
        "@id": "way/423270307",
        "landuse": "grass",
        "leisure": "park"
      },
      "geometry": {
        "type": "Polygon",
        "coordinates": [
          [
            [
              77.0621998,
              28.4038434
            ],
            [
              77.0622132,
              28.4036712
            ],
            [
              77.0626128,
              28.4037066
            ],
            [
              77.0626343,
              28.4038811
            ],
            [
              77.0621998,
              28.4038434
            ]
          ]
        ]
      },
      "id": "way/423270307"
    },
    {
      "type": "Feature",
      "properties": {
        "@id": "way/423270308",
        "landuse": "grass",
        "leisure": "park"
      },
      "geometry": {
        "type": "Polygon",
        "coordinates": [
          [
            [
              77.0703537,
              28.4067258
            ],
            [
              77.0703617,
              28.4059402
            ],
            [
              77.0706401,
              28.4059462
            ],
            [
              77.0711261,
              28.4059567
            ],
            [
              77.0711047,
              28.4067353
            ],
            [
              77.0703537,
              28.4067258
            ]
          ]
        ]
      },
      "id": "way/423270308"
    },
    {
      "type": "Feature",
      "properties": {
        "@id": "way/423270309",
        "landuse": "grass",
        "leisure": "park"
      },
      "geometry": {
        "type": "Polygon",
        "coordinates": [
          [
            [
              77.0626772,
              28.4039366
            ],
            [
              77.062641,
              28.4034388
            ],
            [
              77.0628716,
              28.40346
            ],
            [
              77.0628609,
              28.4040286
            ],
            [
              77.0626772,
              28.4039366
            ]
          ]
        ]
      },
      "id": "way/423270309"
    },
    {
      "type": "Feature",
      "properties": {
        "@id": "way/423270311",
        "landuse": "grass",
        "leisure": "park"
      },
      "geometry": {
        "type": "Polygon",
        "coordinates": [
          [
            [
              77.062181,
              28.4046998
            ],
            [
              77.0621595,
              28.4039165
            ],
            [
              77.062637,
              28.4039213
            ],
            [
              77.0626799,
              28.4041949
            ],
            [
              77.0628408,
              28.4042044
            ],
            [
              77.0628462,
              28.4047187
            ],
            [
              77.062181,
              28.4046998
            ]
          ]
        ]
      },
      "id": "way/423270311"
    },
    {
      "type": "Feature",
      "properties": {
        "@id": "way/423298943",
        "landuse": "grass",
        "leisure": "park"
      },
      "geometry": {
        "type": "Polygon",
        "coordinates": [
          [
            [
              77.0608586,
              28.4060832
            ],
            [
              77.0617277,
              28.4048375
            ],
            [
              77.0620026,
              28.4049342
            ],
            [
              77.0619718,
              28.4051041
            ],
            [
              77.0619181,
              28.4057412
            ],
            [
              77.061733,
              28.4057695
            ],
            [
              77.0614165,
              28.4062413
            ],
            [
              77.0608586,
              28.4060832
            ]
          ]
        ]
      },
      "id": "way/423298943"
    },
    {
      "type": "Feature",
      "properties": {
        "@id": "way/423343434",
        "landuse": "grass",
        "leisure": "park"
      },
      "geometry": {
        "type": "Polygon",
        "coordinates": [
          [
            [
              77.0769393,
              28.4175684
            ],
            [
              77.0770305,
              28.417257
            ],
            [
              77.0770305,
              28.4167203
            ],
            [
              77.0773484,
              28.4168501
            ],
            [
              77.0770305,
              28.417592
            ],
            [
              77.0769393,
              28.4175684
            ]
          ]
        ]
      },
      "id": "way/423343434"
    },
    {
      "type": "Feature",
      "properties": {
        "@id": "way/423531272",
        "fixme": "Is this a public park?",
        "leisure": "park"
      },
      "geometry": {
        "type": "Polygon",
        "coordinates": [
          [
            [
              77.066213,
              28.4148698
            ],
            [
              77.0662116,
              28.4143508
            ],
            [
              77.0670512,
              28.413452
            ],
            [
              77.0670377,
              28.4148509
            ],
            [
              77.066213,
              28.4148698
            ]
          ]
        ]
      },
      "id": "way/423531272"
    },
    {
      "type": "Feature",
      "properties": {
        "@id": "way/423531273",
        "landuse": "grass",
        "leisure": "park"
      },
      "geometry": {
        "type": "Polygon",
        "coordinates": [
          [
            [
              77.0635562,
              28.4195312
            ],
            [
              77.0635589,
              28.4190712
            ],
            [
              77.0641705,
              28.4190783
            ],
            [
              77.0641758,
              28.4195218
            ],
            [
              77.0635562,
              28.4195312
            ]
          ]
        ]
      },
      "id": "way/423531273"
    },
    {
      "type": "Feature",
      "properties": {
        "@id": "way/423531274",
        "landuse": "grass",
        "leisure": "park"
      },
      "geometry": {
        "type": "Polygon",
        "coordinates": [
          [
            [
              77.0605671,
              28.4184639
            ],
            [
              77.0605611,
              28.4181502
            ],
            [
              77.06113,
              28.4181546
            ],
            [
              77.061128,
              28.4184684
            ],
            [
              77.0605671,
              28.4184639
            ]
          ]
        ]
      },
      "id": "way/423531274"
    },
    {
      "type": "Feature",
      "properties": {
        "@id": "way/423531275",
        "landuse": "grass",
        "leisure": "park"
      },
      "geometry": {
        "type": "Polygon",
        "coordinates": [
          [
            [
              77.0658442,
              28.4154242
            ],
            [
              77.0658375,
              28.4151376
            ],
            [
              77.0661526,
              28.4151352
            ],
            [
              77.066158,
              28.415423
            ],
            [
              77.0658442,
              28.4154242
            ]
          ]
        ]
      },
      "id": "way/423531275"
    },
    {
      "type": "Feature",
      "properties": {
        "@id": "way/423531276",
        "landuse": "grass",
        "leisure": "park"
      },
      "geometry": {
        "type": "Polygon",
        "coordinates": [
          [
            [
              77.0647351,
              28.4170095
            ],
            [
              77.0654968,
              28.4161932
            ],
            [
              77.0655853,
              28.4162487
            ],
            [
              77.0655894,
              28.4170779
            ],
            [
              77.0648276,
              28.4170826
            ],
            [
              77.0647351,
              28.4170095
            ]
          ]
        ]
      },
      "id": "way/423531276"
    },
    {
      "type": "Feature",
      "properties": {
        "@id": "way/423531277",
        "landuse": "grass",
        "leisure": "park"
      },
      "geometry": {
        "type": "Polygon",
        "coordinates": [
          [
            [
              77.0645983,
              28.4123314
            ],
            [
              77.064601,
              28.4118407
            ],
            [
              77.0655612,
              28.4118384
            ],
            [
              77.0655558,
              28.4119894
            ],
            [
              77.0657704,
              28.4119894
            ],
            [
              77.0657597,
              28.4123409
            ],
            [
              77.0645983,
              28.4123314
            ]
          ]
        ]
      },
      "id": "way/423531277"
    },
    {
      "type": "Feature",
      "properties": {
        "@id": "way/423531278",
        "landuse": "grass",
        "leisure": "park"
      },
      "geometry": {
        "type": "Polygon",
        "coordinates": [
          [
            [
              77.0635643,
              28.4184225
            ],
            [
              77.0635643,
              28.4181135
            ],
            [
              77.0639291,
              28.4177478
            ],
            [
              77.0643663,
              28.4180569
            ],
            [
              77.0646989,
              28.418071
            ],
            [
              77.0646747,
              28.4184367
            ],
            [
              77.0635643,
              28.4184225
            ]
          ]
        ]
      },
      "id": "way/423531278"
    },
    {
      "type": "Feature",
      "properties": {
        "@id": "way/423531565",
        "landuse": "grass",
        "leisure": "park"
      },
      "geometry": {
        "type": "Polygon",
        "coordinates": [
          [
            [
              77.0629219,
              28.412401
            ],
            [
              77.0629232,
              28.4113347
            ],
            [
              77.0631043,
              28.4113335
            ],
            [
              77.0631083,
              28.4115081
            ],
            [
              77.0633806,
              28.4115104
            ],
            [
              77.0633819,
              28.4124128
            ],
            [
              77.0629219,
              28.412401
            ]
          ]
        ]
      },
      "id": "way/423531565"
    },
    {
      "type": "Feature",
      "properties": {
        "@id": "way/423594856",
        "landuse": "grass",
        "leisure": "park"
      },
      "geometry": {
        "type": "Polygon",
        "coordinates": [
          [
            [
              77.0411045,
              28.4543864
            ],
            [
              77.0413445,
              28.4542119
            ],
            [
              77.0416647,
              28.4545716
            ],
            [
              77.0414394,
              28.4547342
            ],
            [
              77.0411045,
              28.4543864
            ]
          ]
        ]
      },
      "id": "way/423594856"
    },
    {
      "type": "Feature",
      "properties": {
        "@id": "way/423594857",
        "landuse": "grass",
        "leisure": "park"
      },
      "geometry": {
        "type": "Polygon",
        "coordinates": [
          [
            [
              77.0398733,
              28.4571018
            ],
            [
              77.0401147,
              28.4569226
            ],
            [
              77.0403454,
              28.4571443
            ],
            [
              77.0400879,
              28.4573235
            ],
            [
              77.0398733,
              28.4571018
            ]
          ]
        ]
      },
      "id": "way/423594857"
    },
    {
      "type": "Feature",
      "properties": {
        "@id": "way/423594858",
        "barrier": "wall",
        "leisure": "park"
      },
      "geometry": {
        "type": "Polygon",
        "coordinates": [
          [
            [
              77.0461799,
              28.4581359
            ],
            [
              77.0465688,
              28.4578104
            ],
            [
              77.0471026,
              28.4583528
            ],
            [
              77.0473896,
              28.4581689
            ],
            [
              77.0494951,
              28.4604138
            ],
            [
              77.0482371,
              28.460343
            ],
            [
              77.0478631,
              28.4599417
            ],
            [
              77.0461799,
              28.4581359
            ]
          ]
        ]
      },
      "id": "way/423594858"
    },
    {
      "type": "Feature",
      "properties": {
        "@id": "way/423619136",
        "leisure": "park"
      },
      "geometry": {
        "type": "Polygon",
        "coordinates": [
          [
            [
              77.0469645,
              28.4416306
            ],
            [
              77.0467948,
              28.4411954
            ],
            [
              77.0466761,
              28.4410466
            ],
            [
              77.046947,
              28.440932
            ],
            [
              77.0476022,
              28.4407659
            ],
            [
              77.0476992,
              28.4408958
            ],
            [
              77.0476201,
              28.4410043
            ],
            [
              77.0475999,
              28.4414206
            ],
            [
              77.0469645,
              28.4416306
            ]
          ]
        ]
      },
      "id": "way/423619136"
    },
    {
      "type": "Feature",
      "properties": {
        "@id": "way/423619154",
        "landuse": "grass",
        "leisure": "park"
      },
      "geometry": {
        "type": "Polygon",
        "coordinates": [
          [
            [
              77.0477086,
              28.4416671
            ],
            [
              77.0477113,
              28.441094
            ],
            [
              77.0480492,
              28.4409289
            ],
            [
              77.048068,
              28.4416694
            ],
            [
              77.0477086,
              28.4416671
            ]
          ]
        ]
      },
      "id": "way/423619154"
    },
    {
      "type": "Feature",
      "properties": {
        "@id": "way/423734334",
        "landuse": "grass",
        "leisure": "park"
      },
      "geometry": {
        "type": "Polygon",
        "coordinates": [
          [
            [
              77.0447898,
              28.4543917
            ],
            [
              77.0454443,
              28.4538965
            ],
            [
              77.0463455,
              28.4548256
            ],
            [
              77.045616,
              28.4553209
            ],
            [
              77.0447898,
              28.4543917
            ]
          ]
        ]
      },
      "id": "way/423734334"
    },
    {
      "type": "Feature",
      "properties": {
        "@id": "way/423734335",
        "barrier": "wall",
        "leisure": "park",
        "name": "Silver Jubilee Park"
      },
      "geometry": {
        "type": "Polygon",
        "coordinates": [
          [
            [
              77.0464367,
              28.4561556
            ],
            [
              77.0471234,
              28.455651
            ],
            [
              77.0490965,
              28.4577784
            ],
            [
              77.0502651,
              28.4590384
            ],
            [
              77.0496287,
              28.4595397
            ],
            [
              77.0464367,
              28.4561556
            ]
          ]
        ]
      },
      "id": "way/423734335"
    },
    {
      "type": "Feature",
      "properties": {
        "@id": "way/423734336",
        "landuse": "grass",
        "leisure": "park"
      },
      "geometry": {
        "type": "Polygon",
        "coordinates": [
          [
            [
              77.0538906,
              28.457429
            ],
            [
              77.0534818,
              28.4570062
            ],
            [
              77.0546715,
              28.4566455
            ],
            [
              77.0549355,
              28.4565551
            ],
            [
              77.0551433,
              28.4564581
            ],
            [
              77.0552553,
              28.4564367
            ],
            [
              77.0538906,
              28.457429
            ]
          ]
        ]
      },
      "id": "way/423734336"
    },
    {
      "type": "Feature",
      "properties": {
        "@id": "way/423734337",
        "landuse": "grass",
        "leisure": "park"
      },
      "geometry": {
        "type": "Polygon",
        "coordinates": [
          [
            [
              77.0427621,
              28.4523118
            ],
            [
              77.0433307,
              28.4518684
            ],
            [
              77.0434702,
              28.4520524
            ],
            [
              77.043615,
              28.4519769
            ],
            [
              77.0453048,
              28.453788
            ],
            [
              77.0446504,
              28.4542738
            ],
            [
              77.0427621,
              28.4523118
            ]
          ]
        ]
      },
      "id": "way/423734337"
    },
    {
      "type": "Feature",
      "properties": {
        "@id": "way/423742697",
        "landuse": "grass",
        "leisure": "park"
      },
      "geometry": {
        "type": "Polygon",
        "coordinates": [
          [
            [
              77.0507272,
              28.4507241
            ],
            [
              77.0510118,
              28.4505199
            ],
            [
              77.0514246,
              28.4509517
            ],
            [
              77.0511524,
              28.4511486
            ],
            [
              77.0507272,
              28.4507241
            ]
          ]
        ]
      },
      "id": "way/423742697"
    },
    {
      "type": "Feature",
      "properties": {
        "@id": "way/426762197",
        "description": "Cyclist Assembly Area",
        "leisure": "park",
        "name": "Gaushala - PedalYatri"
      },
      "geometry": {
        "type": "Polygon",
        "coordinates": [
          [
            [
              77.1097231,
              28.3986799
            ],
            [
              77.1098438,
              28.3985973
            ],
            [
              77.1100449,
              28.3984581
            ],
            [
              77.1099028,
              28.3987908
            ],
            [
              77.1098384,
              28.3987908
            ],
            [
              77.1097472,
              28.3987318
            ],
            [
              77.1097231,
              28.3986799
            ]
          ]
        ]
      },
      "id": "way/426762197"
    },
    {
      "type": "Feature",
      "properties": {
        "@id": "way/442956526",
        "leisure": "park"
      },
      "geometry": {
        "type": "Polygon",
        "coordinates": [
          [
            [
              77.0583049,
              28.4512044
            ],
            [
              77.0585822,
              28.4512128
            ],
            [
              77.0598158,
              28.4524908
            ],
            [
              77.0596914,
              28.4525749
            ],
            [
              77.0583049,
              28.4512044
            ]
          ]
        ]
      },
      "id": "way/442956526"
    },
    {
      "type": "Feature",
      "properties": {
        "@id": "way/442957603",
        "leisure": "park"
      },
      "geometry": {
        "type": "Polygon",
        "coordinates": [
          [
            [
              77.0613936,
              28.4500021
            ],
            [
              77.0615753,
              28.449876
            ],
            [
              77.0623021,
              28.4506159
            ],
            [
              77.0621491,
              28.4507252
            ],
            [
              77.0613936,
              28.4500021
            ]
          ]
        ]
      },
      "id": "way/442957603"
    },
    {
      "type": "Feature",
      "properties": {
        "@id": "way/442957604",
        "leisure": "park"
      },
      "geometry": {
        "type": "Polygon",
        "coordinates": [
          [
            [
              77.0603455,
              28.4480745
            ],
            [
              77.0604484,
              28.4479739
            ],
            [
              77.0616148,
              28.4491804
            ],
            [
              77.0615233,
              28.4492508
            ],
            [
              77.0603455,
              28.4480745
            ]
          ]
        ]
      },
      "id": "way/442957604"
    },
    {
      "type": "Feature",
      "properties": {
        "@id": "way/442957606",
        "leisure": "park"
      },
      "geometry": {
        "type": "Polygon",
        "coordinates": [
          [
            [
              77.0643668,
              28.4526458
            ],
            [
              77.0646166,
              28.4525235
            ],
            [
              77.0655636,
              28.4534605
            ],
            [
              77.0653278,
              28.4536384
            ],
            [
              77.0643668,
              28.4526458
            ]
          ]
        ]
      },
      "id": "way/442957606"
    },
    {
      "type": "Feature",
      "properties": {
        "@id": "way/442969479",
        "leisure": "park"
      },
      "geometry": {
        "type": "Polygon",
        "coordinates": [
          [
            [
              77.0864957,
              28.4645588
            ],
            [
              77.0868051,
              28.464999
            ],
            [
              77.0867568,
              28.4655366
            ],
            [
              77.0866215,
              28.465549
            ],
            [
              77.0863976,
              28.4650487
            ],
            [
              77.0864957,
              28.4645588
            ]
          ]
        ]
      },
      "id": "way/442969479"
    },
    {
      "type": "Feature",
      "properties": {
        "@id": "way/442969480",
        "leisure": "park"
      },
      "geometry": {
        "type": "Polygon",
        "coordinates": [
          [
            [
              77.0832202,
              28.464942
            ],
            [
              77.0836431,
              28.4644122
            ],
            [
              77.0839505,
              28.4646566
            ],
            [
              77.083688,
              28.4651999
            ],
            [
              77.0832202,
              28.464942
            ]
          ]
        ]
      },
      "id": "way/442969480"
    },
    {
      "type": "Feature",
      "properties": {
        "@id": "way/469561029",
        "leisure": "park"
      },
      "geometry": {
        "type": "Polygon",
        "coordinates": [
          [
            [
              77.1068379,
              28.4857119
            ],
            [
              77.1069364,
              28.4855615
            ],
            [
              77.1070609,
              28.4853838
            ],
            [
              77.1077505,
              28.4856983
            ],
            [
              77.1075171,
              28.4860446
            ],
            [
              77.1068379,
              28.4857119
            ]
          ]
        ]
      },
      "id": "way/469561029"
    },
    {
      "type": "Feature",
      "properties": {
        "@id": "way/469561030",
        "leisure": "park"
      },
      "geometry": {
        "type": "Polygon",
        "coordinates": [
          [
            [
              77.1070453,
              28.4856618
            ],
            [
              77.1071075,
              28.4855661
            ],
            [
              77.1075327,
              28.4857621
            ],
            [
              77.1074549,
              28.4858532
            ],
            [
              77.1070453,
              28.4856618
            ]
          ]
        ]
      },
      "id": "way/469561030"
    },
    {
      "type": "Feature",
      "properties": {
        "@id": "way/469561479",
        "leisure": "park"
      },
      "geometry": {
        "type": "Polygon",
        "coordinates": [
          [
            [
              77.1072004,
              28.4844318
            ],
            [
              77.1072515,
              28.4843572
            ],
            [
              77.1075263,
              28.4844981
            ],
            [
              77.107467,
              28.4845869
            ],
            [
              77.1072004,
              28.4844318
            ]
          ]
        ]
      },
      "id": "way/469561479"
    },
    {
      "type": "Feature",
      "properties": {
        "@id": "way/469561517",
        "leisure": "park"
      },
      "geometry": {
        "type": "Polygon",
        "coordinates": [
          [
            [
              77.1070562,
              28.4846724
            ],
            [
              77.1071139,
              28.4845722
            ],
            [
              77.1073486,
              28.4847066
            ],
            [
              77.1072788,
              28.4847903
            ],
            [
              77.1070562,
              28.4846724
            ]
          ]
        ]
      },
      "id": "way/469561517"
    },
    {
      "type": "Feature",
      "properties": {
        "@id": "way/469561715",
        "leisure": "park"
      },
      "geometry": {
        "type": "Polygon",
        "coordinates": [
          [
            [
              77.1068814,
              28.484427
            ],
            [
              77.1070068,
              28.4842148
            ],
            [
              77.1072482,
              28.4843273
            ],
            [
              77.1071082,
              28.4845536
            ],
            [
              77.1068814,
              28.484427
            ]
          ]
        ]
      },
      "id": "way/469561715"
    },
    {
      "type": "Feature",
      "properties": {
        "@id": "way/471501657",
        "leisure": "park",
        "name": "Malibu Town Tower 3-4 Park"
      },
      "geometry": {
        "type": "Polygon",
        "coordinates": [
          [
            [
              77.0401912,
              28.423042
            ],
            [
              77.0401365,
              28.4234804
            ],
            [
              77.0400614,
              28.4235083
            ],
            [
              77.03967,
              28.422875
            ],
            [
              77.040099,
              28.4226587
            ],
            [
              77.0401273,
              28.4226984
            ],
            [
              77.0400329,
              28.4228644
            ],
            [
              77.0400472,
              28.4229533
            ],
            [
              77.0401912,
              28.423042
            ]
          ]
        ]
      },
      "id": "way/471501657"
    },
    {
      "type": "Feature",
      "properties": {
        "@id": "way/471501661",
        "leisure": "park",
        "name": "Imperia Towers Park"
      },
      "geometry": {
        "type": "Polygon",
        "coordinates": [
          [
            [
              77.0406802,
              28.4223762
            ],
            [
              77.0415071,
              28.4224459
            ],
            [
              77.042343,
              28.422514
            ],
            [
              77.0423538,
              28.4227724
            ],
            [
              77.0423123,
              28.4229819
            ],
            [
              77.0423175,
              28.4233189
            ],
            [
              77.0420636,
              28.4233385
            ],
            [
              77.0420625,
              28.4230809
            ],
            [
              77.0419069,
              28.4229298
            ],
            [
              77.0414828,
              28.4229205
            ],
            [
              77.0410252,
              28.422909
            ],
            [
              77.0408311,
              28.423067
            ],
            [
              77.0408311,
              28.4232406
            ],
            [
              77.0408912,
              28.4234306
            ],
            [
              77.0408053,
              28.4235815
            ],
            [
              77.0406364,
              28.4236225
            ],
            [
              77.0406337,
              28.4233098
            ],
            [
              77.0406251,
              28.4230456
            ],
            [
              77.0406303,
              28.422636
            ],
            [
              77.0406802,
              28.4223762
            ]
          ]
        ]
      },
      "id": "way/471501661"
    },
    {
      "type": "Feature",
      "properties": {
        "@id": "way/471502959",
        "leisure": "park",
        "name": "Malibu Town Parks"
      },
      "geometry": {
        "type": "Polygon",
        "coordinates": [
          [
            [
              77.040813,
              28.4223231
            ],
            [
              77.0412725,
              28.4201444
            ],
            [
              77.041327,
              28.4200062
            ],
            [
              77.0422742,
              28.4195268
            ],
            [
              77.042867,
              28.4202084
            ],
            [
              77.042776,
              28.4203525
            ],
            [
              77.0431382,
              28.4201749
            ],
            [
              77.0435358,
              28.420598
            ],
            [
              77.0440325,
              28.4214258
            ],
            [
              77.0443174,
              28.4219388
            ],
            [
              77.0437997,
              28.4224048
            ],
            [
              77.040813,
              28.4223231
            ]
          ]
        ]
      },
      "id": "way/471502959"
    },
    {
      "type": "Feature",
      "properties": {
        "@id": "way/473960925",
        "leisure": "park"
      },
      "geometry": {
        "type": "Polygon",
        "coordinates": [
          [
            [
              77.0434921,
              28.4632764
            ],
            [
              77.0431957,
              28.4629071
            ],
            [
              77.0424467,
              28.4619752
            ],
            [
              77.041709,
              28.4609401
            ],
            [
              77.0417872,
              28.4608671
            ],
            [
              77.04188,
              28.46089
            ],
            [
              77.0437217,
              28.463159
            ],
            [
              77.0434921,
              28.4632764
            ]
          ]
        ]
      },
      "id": "way/473960925"
    },
    {
      "type": "Feature",
      "properties": {
        "@id": "way/473960926",
        "leisure": "park"
      },
      "geometry": {
        "type": "Polygon",
        "coordinates": [
          [
            [
              77.044614,
              28.4632106
            ],
            [
              77.0449104,
              28.4629744
            ],
            [
              77.0455292,
              28.46361
            ],
            [
              77.04521,
              28.4638376
            ],
            [
              77.044614,
              28.4632106
            ]
          ]
        ]
      },
      "id": "way/473960926"
    },
    {
      "type": "Feature",
      "properties": {
        "@id": "way/473960927",
        "leisure": "park"
      },
      "geometry": {
        "type": "Polygon",
        "coordinates": [
          [
            [
              77.0435702,
              28.4633781
            ],
            [
              77.0437852,
              28.4632621
            ],
            [
              77.0445587,
              28.4641525
            ],
            [
              77.0444382,
              28.464247
            ],
            [
              77.0435702,
              28.4633781
            ]
          ]
        ]
      },
      "id": "way/473960927"
    },
    {
      "type": "Feature",
      "properties": {
        "@id": "way/473960928",
        "leisure": "park"
      },
      "geometry": {
        "type": "Polygon",
        "coordinates": [
          [
            [
              77.0459578,
              28.4633124
            ],
            [
              77.0458275,
              28.4631721
            ],
            [
              77.0461776,
              28.4629459
            ],
            [
              77.0462981,
              28.4630877
            ],
            [
              77.0459578,
              28.4633124
            ]
          ]
        ]
      },
      "id": "way/473960928"
    },
    {
      "type": "Feature",
      "properties": {
        "@id": "way/473960929",
        "addr:city": "gurgaon",
        "addr:housenumber": "1076420",
        "addr:postcode": "12001",
        "addr:street": "Mehrauli-Gurgaon Road",
        "leisure": "park",
        "opening_hours": "24/7"
      },
      "geometry": {
        "type": "Polygon",
        "coordinates": [
          [
            [
              77.0430663,
              28.4635991
            ],
            [
              77.0426429,
              28.4632068
            ],
            [
              77.0430614,
              28.4628976
            ],
            [
              77.0434082,
              28.4633528
            ],
            [
              77.0430663,
              28.4635991
            ]
          ]
        ]
      },
      "id": "way/473960929"
    },
    {
      "type": "Feature",
      "properties": {
        "@id": "way/473960930",
        "leisure": "park"
      },
      "geometry": {
        "type": "Polygon",
        "coordinates": [
          [
            [
              77.041845,
              28.4641459
            ],
            [
              77.0415437,
              28.463841
            ],
            [
              77.0418906,
              28.4636034
            ],
            [
              77.0421918,
              28.4639083
            ],
            [
              77.041845,
              28.4641459
            ]
          ]
        ]
      },
      "id": "way/473960930"
    },
    {
      "type": "Feature",
      "properties": {
        "@id": "way/473960931",
        "leisure": "park"
      },
      "geometry": {
        "type": "Polygon",
        "coordinates": [
          [
            [
              77.0424524,
              28.4634831
            ],
            [
              77.0421886,
              28.4632541
            ],
            [
              77.0424247,
              28.4631295
            ],
            [
              77.0426266,
              28.46334
            ],
            [
              77.0424524,
              28.4634831
            ]
          ]
        ]
      },
      "id": "way/473960931"
    },
    {
      "type": "Feature",
      "properties": {
        "@id": "way/482822215",
        "addr:city": "Gurgaon",
        "addr:housenumber": "Dlf Phase-3",
        "addr:postcode": "122002",
        "addr:street": "U-50",
        "description": "Jogging track which is runnable along most of the way but has sections with tree roots.",
        "leisure": "park",
        "name": "RK Convent Park"
      },
      "geometry": {
        "type": "Polygon",
        "coordinates": [
          [
            [
              77.0944505,
              28.4917402
            ],
            [
              77.0943513,
              28.4916011
            ],
            [
              77.0948663,
              28.49133
            ],
            [
              77.0946007,
              28.4909127
            ],
            [
              77.0948502,
              28.490776
            ],
            [
              77.095223,
              28.49133
            ],
            [
              77.0944505,
              28.4917402
            ]
          ]
        ]
      },
      "id": "way/482822215"
    },
    {
      "type": "Feature",
      "properties": {
        "@id": "way/483520532",
        "leisure": "park"
      },
      "geometry": {
        "type": "Polygon",
        "coordinates": [
          [
            [
              77.0450098,
              28.5173396
            ],
            [
              77.0442702,
              28.517336
            ],
            [
              77.0442254,
              28.5167776
            ],
            [
              77.0449941,
              28.5167556
            ],
            [
              77.0450098,
              28.5173396
            ]
          ]
        ]
      },
      "id": "way/483520532"
    },
    {
      "type": "Feature",
      "properties": {
        "@id": "way/490407162",
        "leisure": "park",
        "name": "Herbal Garden"
      },
      "geometry": {
        "type": "Polygon",
        "coordinates": [
          [
            [
              77.0880442,
              28.508896
            ],
            [
              77.0888593,
              28.5083157
            ],
            [
              77.0895379,
              28.5090517
            ],
            [
              77.0887229,
              28.509632
            ],
            [
              77.0880442,
              28.508896
            ]
          ]
        ]
      },
      "id": "way/490407162"
    },
    {
      "type": "Feature",
      "properties": {
        "@id": "way/492728960",
        "leisure": "park",
        "name": "Huda Park"
      },
      "geometry": {
        "type": "Polygon",
        "coordinates": [
          [
            [
              77.0954858,
              28.4289909
            ],
            [
              77.0954777,
              28.428656
            ],
            [
              77.0959578,
              28.4286583
            ],
            [
              77.0959605,
              28.4289839
            ],
            [
              77.0954858,
              28.4289909
            ]
          ]
        ]
      },
      "id": "way/492728960"
    },
    {
      "type": "Feature",
      "properties": {
        "@id": "way/492742442",
        "addr:city": "Gurgaon",
        "addr:postcode": "122001",
        "addr:street": "New Colony",
        "leisure": "park",
        "name": "Dussehra Ground"
      },
      "geometry": {
        "type": "Polygon",
        "coordinates": [
          [
            [
              77.0142276,
              28.4657333
            ],
            [
              77.0142786,
              28.465613
            ],
            [
              77.0144341,
              28.4653254
            ],
            [
              77.014642,
              28.4649882
            ],
            [
              77.0147821,
              28.4648267
            ],
            [
              77.0156565,
              28.4652346
            ],
            [
              77.0154413,
              28.4654173
            ],
            [
              77.0150618,
              28.4656201
            ],
            [
              77.0144274,
              28.4658642
            ],
            [
              77.0144006,
              28.4658005
            ],
            [
              77.0142276,
              28.4657333
            ]
          ]
        ]
      },
      "id": "way/492742442"
    },
    {
      "type": "Feature",
      "properties": {
        "@id": "way/492742443",
        "addr:city": "Gurgaon",
        "addr:postcode": "122001",
        "addr:street": "New Colony",
        "leisure": "park",
        "name": "Jitender Bahl Municipal Park"
      },
      "geometry": {
        "type": "Polygon",
        "coordinates": [
          [
            [
              77.0172766,
              28.466074
            ],
            [
              77.0168729,
              28.4658111
            ],
            [
              77.0168595,
              28.4656225
            ],
            [
              77.0172002,
              28.4651792
            ],
            [
              77.0173007,
              28.4652346
            ],
            [
              77.0173839,
              28.4652134
            ],
            [
              77.0174188,
              28.4653714
            ],
            [
              77.0174268,
              28.4657923
            ],
            [
              77.0173879,
              28.4659243
            ],
            [
              77.0172766,
              28.466074
            ]
          ]
        ]
      },
      "id": "way/492742443"
    },
    {
      "type": "Feature",
      "properties": {
        "@id": "way/502480491",
        "description": "Public Park",
        "leisure": "park"
      },
      "geometry": {
        "type": "Polygon",
        "coordinates": [
          [
            [
              77.1067245,
              28.4221104
            ],
            [
              77.1066778,
              28.4214189
            ],
            [
              77.106795,
              28.4213456
            ],
            [
              77.1073023,
              28.4218653
            ],
            [
              77.1071,
              28.421983
            ],
            [
              77.1067245,
              28.4221104
            ]
          ]
        ]
      },
      "id": "way/502480491"
    },
    {
      "type": "Feature",
      "properties": {
        "@id": "way/525918450",
        "leisure": "park"
      },
      "geometry": {
        "type": "Polygon",
        "coordinates": [
          [
            [
              77.1144983,
              28.43709
            ],
            [
              77.1147719,
              28.4361347
            ],
            [
              77.115067,
              28.4361843
            ],
            [
              77.1147934,
              28.4371513
            ],
            [
              77.1144983,
              28.43709
            ]
          ]
        ]
      },
      "id": "way/525918450"
    },
    {
      "type": "Feature",
      "properties": {
        "@id": "way/525918451",
        "leisure": "park"
      },
      "geometry": {
        "type": "Polygon",
        "coordinates": [
          [
            [
              77.1125564,
              28.4376301
            ],
            [
              77.1126423,
              28.4373282
            ],
            [
              77.1130634,
              28.4374084
            ],
            [
              77.1129775,
              28.4377268
            ],
            [
              77.1125564,
              28.4376301
            ]
          ]
        ]
      },
      "id": "way/525918451"
    },
    {
      "type": "Feature",
      "properties": {
        "@id": "way/525918452",
        "leisure": "park"
      },
      "geometry": {
        "type": "Polygon",
        "coordinates": [
          [
            [
              77.1132806,
              28.4368588
            ],
            [
              77.1135542,
              28.4358824
            ],
            [
              77.1138251,
              28.4359413
            ],
            [
              77.1135274,
              28.436906
            ],
            [
              77.1132806,
              28.4368588
            ]
          ]
        ]
      },
      "id": "way/525918452"
    },
    {
      "type": "Feature",
      "properties": {
        "@id": "way/525918453",
        "leisure": "park"
      },
      "geometry": {
        "type": "Polygon",
        "coordinates": [
          [
            [
              77.1107191,
              28.437557
            ],
            [
              77.1109793,
              28.4365758
            ],
            [
              77.1114621,
              28.436689
            ],
            [
              77.1112019,
              28.4376442
            ],
            [
              77.1107191,
              28.437557
            ]
          ]
        ]
      },
      "id": "way/525918453"
    },
    {
      "type": "Feature",
      "properties": {
        "@id": "way/525918454",
        "leisure": "park"
      },
      "geometry": {
        "type": "Polygon",
        "coordinates": [
          [
            [
              77.1090749,
              28.4372055
            ],
            [
              77.1093244,
              28.4362126
            ],
            [
              77.1098233,
              28.4363234
            ],
            [
              77.109547,
              28.437307
            ],
            [
              77.1090749,
              28.4372055
            ]
          ]
        ]
      },
      "id": "way/525918454"
    },
    {
      "type": "Feature",
      "properties": {
        "@id": "way/525918455",
        "leisure": "park"
      },
      "geometry": {
        "type": "Polygon",
        "coordinates": [
          [
            [
              77.1096891,
              28.433953
            ],
            [
              77.1099493,
              28.4337832
            ],
            [
              77.1117464,
              28.4341629
            ],
            [
              77.1116847,
              28.4343847
            ],
            [
              77.1096891,
              28.433953
            ]
          ]
        ]
      },
      "id": "way/525918455"
    },
    {
      "type": "Feature",
      "properties": {
        "@id": "way/525922260",
        "leisure": "park"
      },
      "geometry": {
        "type": "Polygon",
        "coordinates": [
          [
            [
              77.1124765,
              28.4347411
            ],
            [
              77.1125024,
              28.434757
            ],
            [
              77.1125212,
              28.4347793
            ],
            [
              77.1125311,
              28.4348069
            ],
            [
              77.11253,
              28.4348358
            ],
            [
              77.1125182,
              28.4348628
            ],
            [
              77.1124968,
              28.4348848
            ],
            [
              77.1124683,
              28.4348993
            ],
            [
              77.112436,
              28.4349047
            ],
            [
              77.1124034,
              28.4349004
            ],
            [
              77.1123744,
              28.4348868
            ],
            [
              77.1123521,
              28.4348655
            ],
            [
              77.1123394,
              28.4348401
            ],
            [
              77.1123366,
              28.4348124
            ],
            [
              77.1123439,
              28.4347854
            ],
            [
              77.1123607,
              28.4347618
            ],
            [
              77.1123851,
              28.4347442
            ],
            [
              77.1124146,
              28.4347343
            ],
            [
              77.1124462,
              28.4347333
            ],
            [
              77.1124765,
              28.4347411
            ]
          ]
        ]
      },
      "id": "way/525922260"
    },
    {
      "type": "Feature",
      "properties": {
        "@id": "way/544127170",
        "barrier": "wall",
        "leisure": "park",
        "name": "Radha Krishna Park"
      },
      "geometry": {
        "type": "Polygon",
        "coordinates": [
          [
            [
              77.0483557,
              28.4554162
            ],
            [
              77.048599,
              28.4552509
            ],
            [
              77.0491511,
              28.455825
            ],
            [
              77.0489122,
              28.4559806
            ],
            [
              77.0485576,
              28.4556206
            ],
            [
              77.0483557,
              28.4554162
            ]
          ]
        ]
      },
      "id": "way/544127170"
    },
    {
      "type": "Feature",
      "properties": {
        "@id": "way/545162107",
        "grassland": "grass",
        "leisure": "park"
      },
      "geometry": {
        "type": "Polygon",
        "coordinates": [
          [
            [
              77.0433726,
              28.405267
            ],
            [
              77.0436769,
              28.4041213
            ],
            [
              77.0438681,
              28.4041774
            ],
            [
              77.0435566,
              28.4052981
            ],
            [
              77.0433726,
              28.405267
            ]
          ]
        ]
      },
      "id": "way/545162107"
    },
    {
      "type": "Feature",
      "properties": {
        "@id": "way/546519112",
        "leisure": "park",
        "name": "Royal Presidency Park"
      },
      "geometry": {
        "type": "Polygon",
        "coordinates": [
          [
            [
              77.0635754,
              28.4420432
            ],
            [
              77.0637947,
              28.4418825
            ],
            [
              77.0640675,
              28.4421601
            ],
            [
              77.0640287,
              28.4421857
            ],
            [
              77.063988,
              28.4421997
            ],
            [
              77.0639402,
              28.4421592
            ],
            [
              77.0638931,
              28.4421553
            ],
            [
              77.0638517,
              28.4421406
            ],
            [
              77.063812,
              28.4421573
            ],
            [
              77.0637856,
              28.4421646
            ],
            [
              77.0636945,
              28.442127
            ],
            [
              77.0636644,
              28.4421068
            ],
            [
              77.0635754,
              28.4420432
            ]
          ]
        ]
      },
      "id": "way/546519112"
    },
    {
      "type": "Feature",
      "properties": {
        "@id": "way/546519114",
        "leisure": "park",
        "name": "Sports Complex, Sector 45"
      },
      "geometry": {
        "type": "Polygon",
        "coordinates": [
          [
            [
              77.0648703,
              28.4411598
            ],
            [
              77.0655411,
              28.4406343
            ],
            [
              77.066413,
              28.4414866
            ],
            [
              77.0656834,
              28.4419749
            ],
            [
              77.0648703,
              28.4411598
            ]
          ]
        ]
      },
      "id": "way/546519114"
    },
    {
      "type": "Feature",
      "properties": {
        "@id": "way/546520217",
        "leisure": "park",
        "name": "Park behind St. Angel's school"
      },
      "geometry": {
        "type": "Polygon",
        "coordinates": [
          [
            [
              77.0690759,
              28.4410892
            ],
            [
              77.0693946,
              28.4408512
            ],
            [
              77.0697867,
              28.4412572
            ],
            [
              77.0694679,
              28.4414952
            ],
            [
              77.0690759,
              28.4410892
            ]
          ]
        ]
      },
      "id": "way/546520217"
    },
    {
      "type": "Feature",
      "properties": {
        "@id": "way/546520572",
        "leisure": "park"
      },
      "geometry": {
        "type": "Polygon",
        "coordinates": [
          [
            [
              77.0703302,
              28.4423913
            ],
            [
              77.0707002,
              28.4421161
            ],
            [
              77.0714198,
              28.4428632
            ],
            [
              77.0710498,
              28.4431134
            ],
            [
              77.0703302,
              28.4423913
            ]
          ]
        ]
      },
      "id": "way/546520572"
    },
    {
      "type": "Feature",
      "properties": {
        "@id": "way/546520573",
        "leisure": "park"
      },
      "geometry": {
        "type": "Polygon",
        "coordinates": [
          [
            [
              77.0711067,
              28.4398103
            ],
            [
              77.0717816,
              28.4397353
            ],
            [
              77.0717613,
              28.4404717
            ],
            [
              77.0711067,
              28.4398103
            ]
          ]
        ]
      },
      "id": "way/546520573"
    },
    {
      "type": "Feature",
      "properties": {
        "@id": "way/546520574",
        "leisure": "park"
      },
      "geometry": {
        "type": "Polygon",
        "coordinates": [
          [
            [
              77.0650886,
              28.439651
            ],
            [
              77.0657214,
              28.4391709
            ],
            [
              77.0660371,
              28.4394813
            ],
            [
              77.0653962,
              28.4399721
            ],
            [
              77.0650886,
              28.439651
            ]
          ]
        ]
      },
      "id": "way/546520574"
    },
    {
      "type": "Feature",
      "properties": {
        "@id": "way/547679447",
        "leisure": "park",
        "name": "C-6 Vasant Kunj Park"
      },
      "geometry": {
        "type": "Polygon",
        "coordinates": [
          [
            [
              77.1462241,
              28.536823
            ],
            [
              77.1468704,
              28.5364818
            ],
            [
              77.1472153,
              28.5369457
            ],
            [
              77.1470731,
              28.5370268
            ],
            [
              77.1468071,
              28.537195
            ],
            [
              77.1469918,
              28.5374668
            ],
            [
              77.1467782,
              28.5376145
            ],
            [
              77.1465672,
              28.5373131
            ],
            [
              77.1462241,
              28.536823
            ]
          ]
        ]
      },
      "id": "way/547679447"
    },
    {
      "type": "Feature",
      "properties": {
        "@id": "way/547679448",
        "leisure": "park",
        "name": "Central Park C-6"
      },
      "geometry": {
        "type": "Polygon",
        "coordinates": [
          [
            [
              77.1455335,
              28.5372212
            ],
            [
              77.1449539,
              28.5364649
            ],
            [
              77.1453046,
              28.5362638
            ],
            [
              77.1458602,
              28.5370328
            ],
            [
              77.1455335,
              28.5372212
            ]
          ]
        ]
      },
      "id": "way/547679448"
    },
    {
      "type": "Feature",
      "properties": {
        "@id": "way/547679449",
        "leisure": "park",
        "name": "Back Park C-6"
      },
      "geometry": {
        "type": "Polygon",
        "coordinates": [
          [
            [
              77.1462739,
              28.535954
            ],
            [
              77.146581,
              28.5363448
            ],
            [
              77.1462984,
              28.536509
            ],
            [
              77.1459949,
              28.5361213
            ],
            [
              77.1462739,
              28.535954
            ]
          ]
        ]
      },
      "id": "way/547679449"
    },
    {
      "type": "Feature",
      "properties": {
        "@id": "way/557700825",
        "access": "yes",
        "description": "A Municipal park with benches and walking paths surrounded by small shrubs, flower beds and well-maintained grass, lacks shaded areas though.",
        "leisure": "park",
        "name": "Sector 52 Park"
      },
      "geometry": {
        "type": "Polygon",
        "coordinates": [
          [
            [
              77.0884903,
              28.4359567
            ],
            [
              77.0886406,
              28.435141
            ],
            [
              77.0890435,
              28.4352015
            ],
            [
              77.0891317,
              28.4352165
            ],
            [
              77.0889934,
              28.4360264
            ],
            [
              77.0884903,
              28.4359567
            ]
          ]
        ]
      },
      "id": "way/557700825"
    },
    {
      "type": "Feature",
      "properties": {
        "@id": "way/581309919",
        "description": "Small park for society residents\n",
        "leisure": "park",
        "name": "Karanvir Towers Park"
      },
      "geometry": {
        "type": "Polygon",
        "coordinates": [
          [
            [
              77.0894965,
              28.4352934
            ],
            [
              77.0895026,
              28.4351998
            ],
            [
              77.0896035,
              28.4352022
            ],
            [
              77.089589,
              28.435304
            ],
            [
              77.0894965,
              28.4352934
            ]
          ]
        ]
      },
      "id": "way/581309919"
    },
    {
      "type": "Feature",
      "properties": {
        "@id": "way/581313140",
        "leisure": "park",
        "name": "Golden Crest park and green area"
      },
      "geometry": {
        "type": "Polygon",
        "coordinates": [
          [
            [
              77.089345,
              28.4357556
            ],
            [
              77.089353,
              28.4356518
            ],
            [
              77.0895917,
              28.435666
            ],
            [
              77.0895676,
              28.4357792
            ],
            [
              77.089345,
              28.4357556
            ]
          ]
        ]
      },
      "id": "way/581313140"
    },
    {
      "type": "Feature",
      "properties": {
        "@id": "way/581313412",
        "leisure": "park",
        "name": "Butterfly Park Gurgaon"
      },
      "geometry": {
        "type": "Polygon",
        "coordinates": [
          [
            [
              77.0900683,
              28.4383052
            ],
            [
              77.0909274,
              28.4345992
            ],
            [
              77.0938917,
              28.4352847
            ],
            [
              77.09392,
              28.4354843
            ],
            [
              77.0936732,
              28.4354749
            ],
            [
              77.0926062,
              28.4376348
            ],
            [
              77.0922356,
              28.4373334
            ],
            [
              77.0900683,
              28.4383052
            ]
          ]
        ]
      },
      "id": "way/581313412"
    },
    {
      "type": "Feature",
      "properties": {
        "@id": "way/589014180",
        "addr:city": "Gurugram",
        "addr:housenumber": "Dlf Phase -3",
        "addr:postcode": "122010",
        "addr:street": "U-24",
        "landuse": "Pink Town House",
        "leisure": "park",
        "name": "Central Park"
      },
      "geometry": {
        "type": "Polygon",
        "coordinates": [
          [
            [
              77.098324,
              28.4948972
            ],
            [
              77.097971,
              28.494354
            ],
            [
              77.0986776,
              28.4939993
            ],
            [
              77.0990306,
              28.4945425
            ],
            [
              77.098324,
              28.4948972
            ]
          ]
        ]
      },
      "id": "way/589014180"
    },
    {
      "type": "Feature",
      "properties": {
        "@id": "way/592315617",
        "leisure": "park",
        "name": "Palm Drive Gardens"
      },
      "geometry": {
        "type": "Polygon",
        "coordinates": [
          [
            [
              77.0519281,
              28.4023538
            ],
            [
              77.0519933,
              28.402112
            ],
            [
              77.0520303,
              28.4019615
            ],
            [
              77.0520767,
              28.4016755
            ],
            [
              77.0520674,
              28.4012464
            ],
            [
              77.052086,
              28.4009359
            ],
            [
              77.0527549,
              28.4009236
            ],
            [
              77.0530801,
              28.40094
            ],
            [
              77.0532427,
              28.4011116
            ],
            [
              77.0532334,
              28.4012873
            ],
            [
              77.0531172,
              28.4013935
            ],
            [
              77.052885,
              28.401463
            ],
            [
              77.0529082,
              28.4016142
            ],
            [
              77.0528943,
              28.4016918
            ],
            [
              77.0527921,
              28.4017572
            ],
            [
              77.0525319,
              28.4017858
            ],
            [
              77.0524855,
              28.4019329
            ],
            [
              77.0525505,
              28.4020187
            ],
            [
              77.0525598,
              28.4020677
            ],
            [
              77.0523415,
              28.4021127
            ],
            [
              77.0521836,
              28.402129
            ],
            [
              77.0521139,
              28.4022435
            ],
            [
              77.0521278,
              28.4023293
            ],
            [
              77.0519281,
              28.4023538
            ]
          ]
        ]
      },
      "id": "way/592315617"
    },
    {
      "type": "Feature",
      "properties": {
        "@id": "way/592316728",
        "leisure": "park"
      },
      "geometry": {
        "type": "Polygon",
        "coordinates": [
          [
            [
              77.0515032,
              28.4034828
            ],
            [
              77.0504025,
              28.4030017
            ],
            [
              77.0505419,
              28.4026616
            ],
            [
              77.0518376,
              28.4030998
            ],
            [
              77.0516704,
              28.4032928
            ],
            [
              77.0515032,
              28.4034828
            ]
          ]
        ]
      },
      "id": "way/592316728"
    },
    {
      "type": "Feature",
      "properties": {
        "@id": "way/592323494",
        "leisure": "park"
      },
      "geometry": {
        "type": "Polygon",
        "coordinates": [
          [
            [
              77.0515686,
              28.3997918
            ],
            [
              77.0515746,
              28.399331
            ],
            [
              77.0527294,
              28.3993205
            ],
            [
              77.0527175,
              28.3998075
            ],
            [
              77.0521401,
              28.399797
            ],
            [
              77.0515686,
              28.3997918
            ]
          ]
        ]
      },
      "id": "way/592323494"
    },
    {
      "type": "Feature",
      "properties": {
        "@id": "way/592721845",
        "leisure": "park"
      },
      "geometry": {
        "type": "Polygon",
        "coordinates": [
          [
            [
              77.0933352,
              28.4933342
            ],
            [
              77.0930589,
              28.4934285
            ],
            [
              77.0925708,
              28.4925693
            ],
            [
              77.0921443,
              28.4917241
            ],
            [
              77.0921416,
              28.4916128
            ],
            [
              77.0920048,
              28.4913694
            ],
            [
              77.0921443,
              28.4913305
            ],
            [
              77.0933352,
              28.4933342
            ]
          ]
        ]
      },
      "id": "way/592721845"
    },
    {
      "type": "Feature",
      "properties": {
        "@id": "way/615614840",
        "leisure": "park",
        "name": "Secctor 23 Maarket Park"
      },
      "geometry": {
        "type": "Polygon",
        "coordinates": [
          [
            [
              77.0502366,
              28.5111796
            ],
            [
              77.0511808,
              28.5104961
            ],
            [
              77.0511915,
              28.5111796
            ],
            [
              77.0502366,
              28.5111796
            ]
          ]
        ]
      },
      "id": "way/615614840"
    },
    {
      "type": "Feature",
      "properties": {
        "@id": "way/615615431",
        "leisure": "park",
        "name": "Community Park S2302"
      },
      "geometry": {
        "type": "Polygon",
        "coordinates": [
          [
            [
              77.0564004,
              28.5123157
            ],
            [
              77.0564057,
              28.5121035
            ],
            [
              77.0567544,
              28.5120988
            ],
            [
              77.0567544,
              28.5122968
            ],
            [
              77.0564004,
              28.5123157
            ]
          ]
        ]
      },
      "id": "way/615615431"
    },
    {
      "type": "Feature",
      "properties": {
        "@id": "way/625513669",
        "leisure": "park",
        "name": "Common Park"
      },
      "geometry": {
        "type": "Polygon",
        "coordinates": [
          [
            [
              77.0651324,
              28.4425257
            ],
            [
              77.0653665,
              28.4423632
            ],
            [
              77.0657147,
              28.4426747
            ],
            [
              77.0654281,
              28.4428779
            ],
            [
              77.0651324,
              28.4425257
            ]
          ]
        ]
      },
      "id": "way/625513669"
    },
    {
      "type": "Feature",
      "properties": {
        "@id": "way/629362237",
        "leisure": "park"
      },
      "geometry": {
        "type": "Polygon",
        "coordinates": [
          [
            [
              77.0333958,
              28.4251122
            ],
            [
              77.0338614,
              28.4248741
            ],
            [
              77.0338714,
              28.4246476
            ],
            [
              77.034119,
              28.424514
            ],
            [
              77.0341388,
              28.424392
            ],
            [
              77.0337029,
              28.4236776
            ],
            [
              77.0339935,
              28.4232042
            ],
            [
              77.0341718,
              28.4234017
            ],
            [
              77.0346011,
              28.4234656
            ],
            [
              77.0347464,
              28.4234453
            ],
            [
              77.0349115,
              28.4235004
            ],
            [
              77.0350436,
              28.4236137
            ],
            [
              77.0351196,
              28.4237821
            ],
            [
              77.0351097,
              28.423878
            ],
            [
              77.0355852,
              28.423968
            ],
            [
              77.0360871,
              28.4236108
            ],
            [
              77.0362159,
              28.4236863
            ],
            [
              77.0360739,
              28.4239215
            ],
            [
              77.0358494,
              28.4240929
            ],
            [
              77.0354795,
              28.4243049
            ],
            [
              77.0351394,
              28.4246011
            ],
            [
              77.0351493,
              28.4246998
            ],
            [
              77.0351823,
              28.4249264
            ],
            [
              77.0352352,
              28.4252458
            ],
            [
              77.0351823,
              28.4254346
            ],
            [
              77.0348455,
              28.425664
            ],
            [
              77.0343832,
              28.4259021
            ],
            [
              77.0339374,
              28.4260038
            ],
            [
              77.0339077,
              28.4259428
            ],
            [
              77.0337888,
              28.4258586
            ],
            [
              77.0336798,
              28.4258237
            ],
            [
              77.0336963,
              28.4256785
            ],
            [
              77.0335378,
              28.4253736
            ],
            [
              77.0333958,
              28.4251122
            ]
          ]
        ]
      },
      "id": "way/629362237"
    },
    {
      "type": "Feature",
      "properties": {
        "@id": "way/629413037",
        "leisure": "park",
        "name": "Nile's Central Park"
      },
      "geometry": {
        "type": "Polygon",
        "coordinates": [
          [
            [
              77.0500815,
              28.4100206
            ],
            [
              77.0505127,
              28.4100223
            ],
            [
              77.0505111,
              28.4103441
            ],
            [
              77.0500799,
              28.4103424
            ],
            [
              77.0500815,
              28.4100206
            ]
          ]
        ]
      },
      "id": "way/629413037"
    },
    {
      "type": "Feature",
      "properties": {
        "@id": "way/630236232",
        "leisure": "park"
      },
      "geometry": {
        "type": "Polygon",
        "coordinates": [
          [
            [
              77.0454033,
              28.4143901
            ],
            [
              77.0454282,
              28.412969
            ],
            [
              77.0460762,
              28.4129778
            ],
            [
              77.0460513,
              28.4143989
            ],
            [
              77.0454033,
              28.4143901
            ]
          ]
        ]
      },
      "id": "way/630236232"
    },
    {
      "type": "Feature",
      "properties": {
        "@id": "way/630236234",
        "leisure": "park"
      },
      "geometry": {
        "type": "Polygon",
        "coordinates": [
          [
            [
              77.045925,
              28.4158739
            ],
            [
              77.0459426,
              28.4154377
            ],
            [
              77.0464202,
              28.4154526
            ],
            [
              77.0464026,
              28.4158887
            ],
            [
              77.045925,
              28.4158739
            ]
          ]
        ]
      },
      "id": "way/630236234"
    },
    {
      "type": "Feature",
      "properties": {
        "@id": "way/630421732",
        "leisure": "park"
      },
      "geometry": {
        "type": "Polygon",
        "coordinates": [
          [
            [
              77.0485219,
              28.4132352
            ],
            [
              77.047255,
              28.4132113
            ],
            [
              77.0472668,
              28.4127293
            ],
            [
              77.0487094,
              28.4127565
            ],
            [
              77.0487017,
              28.4130689
            ],
            [
              77.048524,
              28.4131482
            ],
            [
              77.0485219,
              28.4132352
            ]
          ]
        ]
      },
      "id": "way/630421732"
    },
    {
      "type": "Feature",
      "properties": {
        "@id": "way/651388658",
        "leisure": "park",
        "name": "White Wood Central Park"
      },
      "geometry": {
        "type": "Polygon",
        "coordinates": [
          [
            [
              77.0491081,
              28.4269734
            ],
            [
              77.0491081,
              28.4267025
            ],
            [
              77.0491081,
              28.4264478
            ],
            [
              77.0491389,
              28.42596
            ],
            [
              77.0494409,
              28.4259817
            ],
            [
              77.0497058,
              28.4259817
            ],
            [
              77.0492925,
              28.4269715
            ],
            [
              77.0491081,
              28.4269734
            ]
          ]
        ]
      },
      "id": "way/651388658"
    },
    {
      "type": "Feature",
      "properties": {
        "@id": "way/689295726",
        "addr:city": "Gurgoan",
        "addr:postcode": "122002",
        "addr:street": "Galli Number 28",
        "leisure": "park",
        "name": "S Block Park",
        "opening_hours": "24/7"
      },
      "geometry": {
        "type": "Polygon",
        "coordinates": [
          [
            [
              77.1033933,
              28.4868336
            ],
            [
              77.1032984,
              28.4868116
            ],
            [
              77.1033185,
              28.4861194
            ],
            [
              77.1039236,
              28.486113
            ],
            [
              77.1039567,
              28.4861126
            ],
            [
              77.1033933,
              28.4868336
            ]
          ]
        ]
      },
      "id": "way/689295726"
    },
    {
      "type": "Feature",
      "properties": {
        "@id": "way/692838409",
        "leisure": "park",
        "name": "Rose Garden",
        "surface": "grass"
      },
      "geometry": {
        "type": "Polygon",
        "coordinates": [
          [
            [
              77.0919206,
              28.41519
            ],
            [
              77.091901,
              28.4149369
            ],
            [
              77.0918089,
              28.414856
            ],
            [
              77.0918089,
              28.4147657
            ],
            [
              77.0918408,
              28.4146816
            ],
            [
              77.0920248,
              28.414663
            ],
            [
              77.0920213,
              28.4147128
            ],
            [
              77.0921239,
              28.4147097
            ],
            [
              77.0921168,
              28.4144419
            ],
            [
              77.0921876,
              28.4144482
            ],
            [
              77.0923119,
              28.4150193
            ],
            [
              77.0923088,
              28.4152577
            ],
            [
              77.0919976,
              28.4152632
            ],
            [
              77.0919206,
              28.41519
            ]
          ]
        ]
      },
      "id": "way/692838409"
    },
    {
      "type": "Feature",
      "properties": {
        "@id": "way/692838411",
        "leisure": "park",
        "name": "Flower Park",
        "surface": "grass"
      },
      "geometry": {
        "type": "Polygon",
        "coordinates": [
          [
            [
              77.0920342,
              28.4144111
            ],
            [
              77.0920342,
              28.4141608
            ],
            [
              77.0924367,
              28.4142072
            ],
            [
              77.0924407,
              28.4144039
            ],
            [
              77.0920342,
              28.4144111
            ]
          ]
        ]
      },
      "id": "way/692838411"
    },
    {
      "type": "Feature",
      "properties": {
        "@id": "way/738481365",
        "leisure": "park"
      },
      "geometry": {
        "type": "Polygon",
        "coordinates": [
          [
            [
              76.9994869,
              28.4713738
            ],
            [
              76.9996746,
              28.4709659
            ],
            [
              76.9998355,
              28.4714893
            ],
            [
              76.9996371,
              28.471428
            ],
            [
              76.9995673,
              28.4714068
            ],
            [
              76.9994869,
              28.4713738
            ]
          ]
        ]
      },
      "id": "way/738481365"
    },
    {
      "type": "Feature",
      "properties": {
        "@id": "way/738481366",
        "leisure": "park"
      },
      "geometry": {
        "type": "Polygon",
        "coordinates": [
          [
            [
              76.9999723,
              28.4710579
            ],
            [
              76.9998355,
              28.4714893
            ],
            [
              76.9996746,
              28.4709659
            ],
            [
              76.9999723,
              28.4710579
            ]
          ]
        ]
      },
      "id": "way/738481366"
    },
    {
      "type": "Feature",
      "properties": {
        "@id": "way/738481367",
        "leisure": "park"
      },
      "geometry": {
        "type": "Polygon",
        "coordinates": [
          [
            [
              76.9959211,
              28.4711246
            ],
            [
              76.9983799,
              28.4719348
            ],
            [
              76.9988098,
              28.4728709
            ],
            [
              76.9978719,
              28.472891
            ],
            [
              76.9959211,
              28.4711246
            ]
          ]
        ]
      },
      "id": "way/738481367"
    },
    {
      "type": "Feature",
      "properties": {
        "@id": "way/742628572",
        "leisure": "park",
        "name": "samadhan hub park",
        "opening_hours": "24/7",
        "operator": "MCG"
      },
      "geometry": {
        "type": "Polygon",
        "coordinates": [
          [
            [
              77.0894047,
              28.4561649
            ],
            [
              77.0893282,
              28.4559657
            ],
            [
              77.0890397,
              28.455513
            ],
            [
              77.0883929,
              28.45568
            ],
            [
              77.0881408,
              28.4552178
            ],
            [
              77.0888167,
              28.4549914
            ],
            [
              77.0887537,
              28.454841
            ],
            [
              77.0887041,
              28.4547226
            ],
            [
              77.0887153,
              28.4546219
            ],
            [
              77.0903156,
              28.4543183
            ],
            [
              77.0897942,
              28.4561295
            ],
            [
              77.0894047,
              28.4561649
            ]
          ]
        ]
      },
      "id": "way/742628572"
    },
    {
      "type": "Feature",
      "properties": {
        "@id": "way/748812233",
        "addr:city": "Gurgaon",
        "addr:housenumber": "U-69/20",
        "addr:postcode": "122002",
        "addr:street": "U--69",
        "leisure": "park",
        "name": "RWA Park",
        "opening_hours": "Mo-Su 08:00-22:00"
      },
      "geometry": {
        "type": "Polygon",
        "coordinates": [
          [
            [
              77.0945125,
              28.4888532
            ],
            [
              77.0945822,
              28.4888272
            ],
            [
              77.0947861,
              28.4891007
            ],
            [
              77.0946841,
              28.4891455
            ],
            [
              77.0945125,
              28.4888532
            ]
          ]
        ]
      },
      "id": "way/748812233"
    },
    {
      "type": "Feature",
      "properties": {
        "@id": "way/754941764",
        "dog": "yes",
        "leisure": "park",
        "name": "Warizabad Ecorestoration Park"
      },
      "geometry": {
        "type": "Polygon",
        "coordinates": [
          [
            [
              77.0893497,
              28.4561653
            ],
            [
              77.0893282,
              28.4559657
            ],
            [
              77.0890397,
              28.455513
            ],
            [
              77.0888638,
              28.4548239
            ],
            [
              77.0887962,
              28.4545592
            ],
            [
              77.0890578,
              28.4544924
            ],
            [
              77.0891249,
              28.4545685
            ],
            [
              77.0894384,
              28.4546473
            ],
            [
              77.089592,
              28.4549511
            ],
            [
              77.089619,
              28.4561631
            ],
            [
              77.0894047,
              28.4561649
            ],
            [
              77.0893497,
              28.4561653
            ]
          ]
        ]
      },
      "id": "way/754941764"
    },
    {
      "type": "Feature",
      "properties": {
        "@id": "way/754941765",
        "dog": "yes",
        "leisure": "park",
        "name": "Warizabad Ecorestoration Park"
      },
      "geometry": {
        "type": "Polygon",
        "coordinates": [
          [
            [
              77.0887962,
              28.4545592
            ],
            [
              77.0887521,
              28.4544475
            ],
            [
              77.0887042,
              28.4543099
            ],
            [
              77.0886022,
              28.4540338
            ],
            [
              77.0888154,
              28.4535883
            ],
            [
              77.0889053,
              28.4535953
            ],
            [
              77.088998,
              28.4536025
            ],
            [
              77.0894366,
              28.4537709
            ],
            [
              77.0894864,
              28.4538277
            ],
            [
              77.0896423,
              28.453772
            ],
            [
              77.0897032,
              28.4542073
            ],
            [
              77.0887962,
              28.4545592
            ]
          ]
        ]
      },
      "id": "way/754941765"
    },
    {
      "type": "Feature",
      "properties": {
        "@id": "way/758379945",
        "leisure": "park",
        "name": "Chaupal Chowk"
      },
      "geometry": {
        "type": "Polygon",
        "coordinates": [
          [
            [
              77.1295542,
              28.5455233
            ],
            [
              77.1294672,
              28.5453766
            ],
            [
              77.1296106,
              28.5453337
            ],
            [
              77.1296673,
              28.5454717
            ],
            [
              77.1295542,
              28.5455233
            ]
          ]
        ]
      },
      "id": "way/758379945"
    },
    {
      "type": "Feature",
      "properties": {
        "@id": "way/758582430",
        "leisure": "park"
      },
      "geometry": {
        "type": "Polygon",
        "coordinates": [
          [
            [
              77.1311724,
              28.5474636
            ],
            [
              77.1311522,
              28.5473353
            ],
            [
              77.1312521,
              28.5472997
            ],
            [
              77.1312826,
              28.5474264
            ],
            [
              77.1311724,
              28.5474636
            ]
          ]
        ]
      },
      "id": "way/758582430"
    },
    {
      "type": "Feature",
      "properties": {
        "@id": "way/758583845",
        "leisure": "park"
      },
      "geometry": {
        "type": "Polygon",
        "coordinates": [
          [
            [
              77.1265584,
              28.5428979
            ],
            [
              77.1265589,
              28.5425151
            ],
            [
              77.1270632,
              28.5425149
            ],
            [
              77.127146,
              28.5425118
            ],
            [
              77.1271513,
              28.5428887
            ],
            [
              77.1270813,
              28.5428912
            ],
            [
              77.1265584,
              28.5428979
            ]
          ]
        ]
      },
      "id": "way/758583845"
    },
    {
      "type": "Feature",
      "properties": {
        "@id": "way/758748977",
        "leisure": "park"
      },
      "geometry": {
        "type": "Polygon",
        "coordinates": [
          [
            [
              77.0510558,
              28.542612
            ],
            [
              77.0506413,
              28.5428196
            ],
            [
              77.0505064,
              28.5424595
            ],
            [
              77.0508779,
              28.5423102
            ],
            [
              77.0510558,
              28.542612
            ]
          ]
        ]
      },
      "id": "way/758748977"
    },
    {
      "type": "Feature",
      "properties": {
        "@id": "way/818968322",
        "addr:city": "New Delhi",
        "addr:postcode": "110047",
        "addr:street": "Windmill Place",
        "dog": "no",
        "leisure": "park",
        "name": "Chhati Mayia Ground",
        "opening_hours": "sunrise-sunset",
        "operator": "Governments"
      },
      "geometry": {
        "type": "Polygon",
        "coordinates": [
          [
            [
              77.1293073,
              28.4711479
            ],
            [
              77.1297357,
              28.4710219
            ],
            [
              77.1299138,
              28.4713867
            ],
            [
              77.129505,
              28.4715306
            ],
            [
              77.1293073,
              28.4711479
            ]
          ]
        ]
      },
      "id": "way/818968322"
    },
    {
      "type": "Feature",
      "properties": {
        "@id": "way/818969083",
        "addr:city": "New Delhi",
        "addr:postcode": "110047",
        "addr:street": "Windmill Place",
        "description": "Vechile are not allowed",
        "leisure": "park",
        "name": "Baba Mangaldas Park",
        "opening_hours": "sunrise-sunset",
        "operator": "Government"
      },
      "geometry": {
        "type": "Polygon",
        "coordinates": [
          [
            [
              77.1292377,
              28.4719688
            ],
            [
              77.1289915,
              28.4717141
            ],
            [
              77.1293188,
              28.4715222
            ],
            [
              77.1295002,
              28.4718228
            ],
            [
              77.1292377,
              28.4719688
            ]
          ]
        ]
      },
      "id": "way/818969083"
    },
    {
      "type": "Feature",
      "properties": {
        "@id": "way/818970759",
        "addr:city": "New Delhi",
        "addr:postcode": "110047",
        "addr:street": "Windmill Place",
        "description": "vehicles not allowed",
        "leisure": "park",
        "name": "Aya Nagar Central Park",
        "opening_hours": "sunrise-sunset",
        "operator": "Government"
      },
      "geometry": {
        "type": "Polygon",
        "coordinates": [
          [
            [
              77.1290038,
              28.4716201
            ],
            [
              77.1283993,
              28.4710413
            ],
            [
              77.1286923,
              28.4708671
            ],
            [
              77.1290631,
              28.4708608
            ],
            [
              77.1293448,
              28.4713767
            ],
            [
              77.1293512,
              28.4714153
            ],
            [
              77.1290038,
              28.4716201
            ]
          ]
        ]
      },
      "id": "way/818970759"
    },
    {
      "type": "Feature",
      "properties": {
        "@id": "way/818971505",
        "addr:city": "New Delhi",
        "addr:postcode": "110047",
        "dog": "yes",
        "leisure": "park",
        "name": "Kids playing park",
        "opening_hours": "sunrise-sunset",
        "operator": "Government"
      },
      "geometry": {
        "type": "Polygon",
        "coordinates": [
          [
            [
              77.1281762,
              28.4708275
            ],
            [
              77.1282168,
              28.4706058
            ],
            [
              77.128289,
              28.4706053
            ],
            [
              77.1285176,
              28.4706958
            ],
            [
              77.1287633,
              28.4708433
            ],
            [
              77.1284012,
              28.4710428
            ],
            [
              77.1281762,
              28.4708275
            ]
          ]
        ]
      },
      "id": "way/818971505"
    },
    {
      "type": "Feature",
      "properties": {
        "@id": "way/818972303",
        "addr:city": "New Delhi",
        "addr:postcode": "110047",
        "addr:street": "Phase V road",
        "leisure": "park",
        "name": "Shiv mandir and park",
        "opening_hours": "24/7",
        "operator": "Government"
      },
      "geometry": {
        "type": "Polygon",
        "coordinates": [
          [
            [
              77.1302717,
              28.471443
            ],
            [
              77.1295419,
              28.4717687
            ],
            [
              77.1294239,
              28.4715813
            ],
            [
              77.1299465,
              28.471387
            ],
            [
              77.1299765,
              28.4712856
            ],
            [
              77.1300791,
              28.4712383
            ],
            [
              77.1300381,
              28.471095
            ],
            [
              77.1300988,
              28.4710758
            ],
            [
              77.1302717,
              28.471443
            ]
          ]
        ]
      },
      "id": "way/818972303"
    },
    {
      "type": "Feature",
      "properties": {
        "@id": "way/818981309",
        "addr:city": "New Delhi",
        "addr:postcode": "110047",
        "leisure": "park",
        "name": "Lalit garden",
        "opening_hours:covid19": "off"
      },
      "geometry": {
        "type": "Polygon",
        "coordinates": [
          [
            [
              77.1314523,
              28.4716412
            ],
            [
              77.1314577,
              28.471309
            ],
            [
              77.131894,
              28.4713183
            ],
            [
              77.1318428,
              28.4716737
            ],
            [
              77.1314523,
              28.4716412
            ]
          ]
        ]
      },
      "id": "way/818981309"
    },
    {
      "type": "Feature",
      "properties": {
        "@id": "way/818981609",
        "addr:city": "New Delhi",
        "addr:postcode": "110047",
        "leisure": "park",
        "name": "Local park",
        "opening_hours:covid19": "off"
      },
      "geometry": {
        "type": "Polygon",
        "coordinates": [
          [
            [
              77.1314507,
              28.471277
            ],
            [
              77.131434,
              28.4703118
            ],
            [
              77.131818,
              28.4703015
            ],
            [
              77.1318762,
              28.4712976
            ],
            [
              77.1318795,
              28.4712968
            ],
            [
              77.1318785,
              28.4712991
            ],
            [
              77.1314507,
              28.471277
            ]
          ]
        ]
      },
      "id": "way/818981609"
    },
    {
      "type": "Feature",
      "properties": {
        "@id": "way/818982446",
        "addr:city": "New Delhi",
        "addr:postcode": "110047",
        "leisure": "park",
        "name": "J.M.D Garden",
        "opening_hours:covid19": "off"
      },
      "geometry": {
        "type": "Polygon",
        "coordinates": [
          [
            [
              77.1344556,
              28.4723049
            ],
            [
              77.1344675,
              28.4721323
            ],
            [
              77.1346158,
              28.4721429
            ],
            [
              77.1346211,
              28.4720982
            ],
            [
              77.1346918,
              28.4721017
            ],
            [
              77.1346834,
              28.472337
            ],
            [
              77.1344556,
              28.4723049
            ]
          ]
        ]
      },
      "id": "way/818982446"
    },
    {
      "type": "Feature",
      "properties": {
        "@id": "way/843253867",
        "leisure": "park",
        "opening_hours:covid19": "off"
      },
      "geometry": {
        "type": "Polygon",
        "coordinates": [
          [
            [
              77.0649917,
              28.4458277
            ],
            [
              77.0646681,
              28.445476
            ],
            [
              77.0645413,
              28.4453875
            ],
            [
              77.0643621,
              28.4452107
            ],
            [
              77.0643402,
              28.4451857
            ],
            [
              77.0654879,
              28.4454567
            ],
            [
              77.0649917,
              28.4458277
            ]
          ]
        ]
      },
      "id": "way/843253867"
    },
    {
      "type": "Feature",
      "properties": {
        "@id": "way/859812484",
        "leisure": "park"
      },
      "geometry": {
        "type": "Polygon",
        "coordinates": [
          [
            [
              77.0662585,
              28.4727103
            ],
            [
              77.0693338,
              28.4699218
            ],
            [
              77.0708234,
              28.471081
            ],
            [
              77.0699484,
              28.4755308
            ],
            [
              77.0662585,
              28.4727103
            ]
          ]
        ]
      },
      "id": "way/859812484"
    },
    {
      "type": "Feature",
      "properties": {
        "@id": "way/860021400",
        "leisure": "park"
      },
      "geometry": {
        "type": "Polygon",
        "coordinates": [
          [
            [
              77.0541395,
              28.4619478
            ],
            [
              77.0542147,
              28.4605458
            ],
            [
              77.0576351,
              28.4605189
            ],
            [
              77.0606103,
              28.4605194
            ],
            [
              77.0608331,
              28.4620076
            ],
            [
              77.0541395,
              28.4619478
            ]
          ]
        ]
      },
      "id": "way/860021400"
    },
    {
      "type": "Feature",
      "properties": {
        "@id": "way/982039384",
        "addr:city": "Gurgaon",
        "addr:postcode": "122001",
        "addr:street": "Sector 43",
        "dog": "no",
        "leisure": "park",
        "name": "Gulab Park",
        "opening_hours": "sunrise-sunset",
        "opening_hours:covid19": "restricted",
        "smoking": "no"
      },
      "geometry": {
        "type": "Polygon",
        "coordinates": [
          [
            [
              77.0812192,
              28.4556847
            ],
            [
              77.0813544,
              28.4550063
            ],
            [
              77.0814252,
              28.4546509
            ],
            [
              77.0818219,
              28.4547262
            ],
            [
              77.0815969,
              28.4557375
            ],
            [
              77.0812192,
              28.4556847
            ]
          ]
        ]
      },
      "id": "way/982039384"
    },
    {
      "type": "Feature",
      "properties": {
        "@id": "way/982729135",
        "addr:city": "New Delhi",
        "addr:postcode": "110070",
        "addr:street": "Nelson Mandela Marg",
        "dog": "leashed",
        "entrance": "gate",
        "leisure": "park",
        "name": "Childrens Park",
        "opening_hours": "24/7",
        "operator": "RWA"
      },
      "geometry": {
        "type": "Polygon",
        "coordinates": [
          [
            [
              77.148975,
              28.524832
            ],
            [
              77.1488774,
              28.5246083
            ],
            [
              77.1485184,
              28.5247293
            ],
            [
              77.1484732,
              28.5246258
            ],
            [
              77.1486271,
              28.5245793
            ],
            [
              77.1486106,
              28.5245409
            ],
            [
              77.1484915,
              28.5242643
            ],
            [
              77.1483319,
              28.5238983
            ],
            [
              77.1486198,
              28.5238014
            ],
            [
              77.1488916,
              28.5244247
            ],
            [
              77.1492589,
              28.524301
            ],
            [
              77.1492862,
              28.5243635
            ],
            [
              77.1494245,
              28.5246806
            ],
            [
              77.148975,
              28.524832
            ]
          ]
        ]
      },
      "id": "way/982729135"
    },
    {
      "type": "Feature",
      "properties": {
        "@id": "way/1042625416",
        "dog": "no",
        "leisure": "park",
        "name": "Kid's Park",
        "opening_hours": "Mo-Su 08:00-18:00",
        "operator": "National Media Centre",
        "smoking": "no"
      },
      "geometry": {
        "type": "Polygon",
        "coordinates": [
          [
            [
              77.0950135,
              28.4988143
            ],
            [
              77.0950984,
              28.4988236
            ],
            [
              77.0951038,
              28.4987956
            ],
            [
              77.0954311,
              28.4988423
            ],
            [
              77.0954241,
              28.4988843
            ],
            [
              77.0954541,
              28.4989231
            ],
            [
              77.0951038,
              28.499158
            ],
            [
              77.0949728,
              28.4990133
            ],
            [
              77.0950135,
              28.4988143
            ]
          ]
        ]
      },
      "id": "way/1042625416"
    },
    {
      "type": "Feature",
      "properties": {
        "@id": "way/1076312325",
        "addr:city": "Gurugram",
        "addr:postcode": "122017",
        "addr:street": "Sector 110A",
        "leisure": "park",
        "name": "Major Vinod Rana Park",
        "operator": "GMDA"
      },
      "geometry": {
        "type": "Polygon",
        "coordinates": [
          [
            [
              77.0258674,
              28.5116268
            ],
            [
              77.0259226,
              28.5114009
            ],
            [
              77.0261832,
              28.5114041
            ],
            [
              77.0261815,
              28.5113405
            ],
            [
              77.0272178,
              28.5113094
            ],
            [
              77.0276645,
              28.5111605
            ],
            [
              77.0278631,
              28.511341
            ],
            [
              77.0272992,
              28.5115171
            ],
            [
              77.0262296,
              28.5115859
            ],
            [
              77.0260774,
              28.5116107
            ],
            [
              77.0258674,
              28.5116268
            ]
          ]
        ]
      },
      "id": "way/1076312325"
    },
    {
      "type": "Feature",
      "properties": {
        "@id": "way/1076434964",
        "addr:housenumber": "Mahindra Aura",
        "leisure": "park",
        "name": "Central Greens",
        "operator": "Mahindra Aura"
      },
      "geometry": {
        "type": "Polygon",
        "coordinates": [
          [
            [
              77.0261171,
              28.5134671
            ],
            [
              77.0263814,
              28.5132449
            ],
            [
              77.0262563,
              28.5130826
            ],
            [
              77.0264439,
              28.5129028
            ],
            [
              77.0264305,
              28.5128868
            ],
            [
              77.0262194,
              28.5126357
            ],
            [
              77.025958,
              28.5128329
            ],
            [
              77.0258955,
              28.5127955
            ],
            [
              77.0260631,
              28.5123686
            ],
            [
              77.0264007,
              28.5125969
            ],
            [
              77.0264211,
              28.5126107
            ],
            [
              77.0267734,
              28.5123336
            ],
            [
              77.0268248,
              28.5123643
            ],
            [
              77.0269742,
              28.5124536
            ],
            [
              77.0271201,
              28.5125408
            ],
            [
              77.0273672,
              28.5122762
            ],
            [
              77.0274121,
              28.5123098
            ],
            [
              77.0275406,
              28.512406
            ],
            [
              77.0273502,
              28.5125808
            ],
            [
              77.0275235,
              28.5127181
            ],
            [
              77.0272735,
              28.5129353
            ],
            [
              77.0275121,
              28.513135
            ],
            [
              77.0273445,
              28.5132474
            ],
            [
              77.0271097,
              28.5130589
            ],
            [
              77.0270945,
              28.5130501
            ],
            [
              77.0268956,
              28.5132024
            ],
            [
              77.026728,
              28.5130626
            ],
            [
              77.0264581,
              28.5132548
            ],
            [
              77.026691,
              28.5135195
            ],
            [
              77.0261171,
              28.5134671
            ]
          ]
        ]
      },
      "id": "way/1076434964"
    },
    {
      "type": "Feature",
      "properties": {
        "@id": "way/1076435578",
        "leisure": "park",
        "name": "Netaji Subhash Chandra Bose Park",
        "name:etymology:wikidata": "Q2153",
        "operator": "Mahindra Aura"
      },
      "geometry": {
        "type": "Polygon",
        "coordinates": [
          [
            [
              77.0254934,
              28.5136266
            ],
            [
              77.0252134,
              28.5136355
            ],
            [
              77.0255672,
              28.5125249
            ],
            [
              77.0258016,
              28.5125847
            ],
            [
              77.0254934,
              28.5136266
            ]
          ]
        ]
      },
      "id": "way/1076435578"
    },
    {
      "type": "Feature",
      "properties": {
        "@id": "way/1079172957",
        "leisure": "park"
      },
      "geometry": {
        "type": "Polygon",
        "coordinates": [
          [
            [
              77.040069,
              28.4086901
            ],
            [
              77.0400133,
              28.4086871
            ],
            [
              77.0399235,
              28.4085722
            ],
            [
              77.039953,
              28.4084592
            ],
            [
              77.0400417,
              28.4083602
            ],
            [
              77.0404725,
              28.4083642
            ],
            [
              77.0404796,
              28.4084592
            ],
            [
              77.0403931,
              28.4084561
            ],
            [
              77.0403912,
              28.4085206
            ],
            [
              77.0402554,
              28.4085165
            ],
            [
              77.0401575,
              28.4085655
            ],
            [
              77.0401147,
              28.408623
            ],
            [
              77.0401103,
              28.4086961
            ],
            [
              77.040069,
              28.4086901
            ]
          ]
        ]
      },
      "id": "way/1079172957"
    },
    {
      "type": "Feature",
      "properties": {
        "@id": "way/1108051690",
        "leisure": "park"
      },
      "geometry": {
        "type": "Polygon",
        "coordinates": [
          [
            [
              77.0900813,
              28.477471
            ],
            [
              77.0899842,
              28.477145
            ],
            [
              77.0912315,
              28.4765726
            ],
            [
              77.0915284,
              28.4769614
            ],
            [
              77.09086,
              28.4771886
            ],
            [
              77.0900813,
              28.477471
            ]
          ]
        ]
      },
      "id": "way/1108051690"
    },
    {
      "type": "Feature",
      "properties": {
        "@id": "way/1168785739",
        "leisure": "park"
      },
      "geometry": {
        "type": "Polygon",
        "coordinates": [
          [
            [
              77.099235,
              28.4600347
            ],
            [
              77.0990634,
              28.4595938
            ],
            [
              77.0997849,
              28.4596032
            ],
            [
              77.0998761,
              28.4598602
            ],
            [
              77.099235,
              28.4600347
            ]
          ]
        ]
      },
      "id": "way/1168785739"
    },
    {
      "type": "Feature",
      "properties": {
        "@id": "way/1168785740",
        "leisure": "park"
      },
      "geometry": {
        "type": "Polygon",
        "coordinates": [
          [
            [
              77.1019146,
              28.4613623
            ],
            [
              77.1019575,
              28.4608789
            ],
            [
              77.1023625,
              28.4609025
            ],
            [
              77.1023142,
              28.4614024
            ],
            [
              77.1019146,
              28.4613623
            ]
          ]
        ]
      },
      "id": "way/1168785740"
    },
    {
      "type": "Feature",
      "properties": {
        "@id": "way/1188645981",
        "leisure": "park"
      },
      "geometry": {
        "type": "Polygon",
        "coordinates": [
          [
            [
              77.0918294,
              28.4298294
            ],
            [
              77.0918697,
              28.4295463
            ],
            [
              77.0922827,
              28.429551
            ],
            [
              77.0923149,
              28.4300322
            ],
            [
              77.0918589,
              28.4298742
            ],
            [
              77.0918294,
              28.4298294
            ]
          ]
        ]
      },
      "id": "way/1188645981"
    },
    {
      "type": "Feature",
      "properties": {
        "@id": "way/1195003748",
        "leisure": "park"
      },
      "geometry": {
        "type": "Polygon",
        "coordinates": [
          [
            [
              77.0662438,
              28.4262068
            ],
            [
              77.0668829,
              28.4256833
            ],
            [
              77.0669312,
              28.4257205
            ],
            [
              77.0663994,
              28.4263556
            ],
            [
              77.0662438,
              28.4262068
            ]
          ]
        ]
      },
      "id": "way/1195003748"
    },
    {
      "type": "Feature",
      "properties": {
        "@id": "way/1195171935",
        "leisure": "park"
      },
      "geometry": {
        "type": "Polygon",
        "coordinates": [
          [
            [
              77.0875291,
              28.4707053
            ],
            [
              77.0878035,
              28.470407
            ],
            [
              77.0886885,
              28.4707524
            ],
            [
              77.0881705,
              28.4713805
            ],
            [
              77.0880975,
              28.4713805
            ],
            [
              77.0880309,
              28.4713448
            ],
            [
              77.0875291,
              28.4707053
            ]
          ]
        ]
      },
      "id": "way/1195171935"
    },
    {
      "type": "Feature",
      "properties": {
        "@id": "way/1195171946",
        "addr:city": "Gurugram",
        "addr:district": "Gurugram",
        "addr:village": "Samaspur",
        "leisure": "park",
        "name": "Park Number 5",
        "operator": "Municipal Coorporation Gurugram",
        "operator:type": "government"
      },
      "geometry": {
        "type": "Polygon",
        "coordinates": [
          [
            [
              77.0651716,
              28.4275532
            ],
            [
              77.0655581,
              28.4272505
            ],
            [
              77.0656328,
              28.4273133
            ],
            [
              77.0653015,
              28.4276718
            ],
            [
              77.0651716,
              28.4275532
            ]
          ]
        ]
      },
      "id": "way/1195171946"
    },
    {
      "type": "Feature",
      "properties": {
        "@id": "way/1195179949",
        "leisure": "park"
      },
      "geometry": {
        "type": "Polygon",
        "coordinates": [
          [
            [
              77.0951731,
              28.457651
            ],
            [
              77.0953952,
              28.4569177
            ],
            [
              77.0958984,
              28.4570373
            ],
            [
              77.0956883,
              28.4577705
            ],
            [
              77.0951731,
              28.457651
            ]
          ]
        ]
      },
      "id": "way/1195179949"
    },
    {
      "type": "Feature",
      "properties": {
        "@id": "way/1195179955",
        "leisure": "park"
      },
      "geometry": {
        "type": "Polygon",
        "coordinates": [
          [
            [
              77.0933129,
              28.4618543
            ],
            [
              77.0934958,
              28.4613017
            ],
            [
              77.0943419,
              28.461477
            ],
            [
              77.0941832,
              28.4620562
            ],
            [
              77.0933129,
              28.4618543
            ]
          ]
        ]
      },
      "id": "way/1195179955"
    },
    {
      "type": "Feature",
      "properties": {
        "@id": "way/1217686711",
        "leisure": "park"
      },
      "geometry": {
        "type": "Polygon",
        "coordinates": [
          [
            [
              77.0898215,
              28.4639627
            ],
            [
              77.0899272,
              28.4636758
            ],
            [
              77.0903246,
              28.4637422
            ],
            [
              77.0902657,
              28.4640411
            ],
            [
              77.0898215,
              28.4639627
            ]
          ]
        ]
      },
      "id": "way/1217686711"
    },
    {
      "type": "Feature",
      "properties": {
        "@id": "way/1217691768",
        "leisure": "park"
      },
      "geometry": {
        "type": "Polygon",
        "coordinates": [
          [
            [
              77.0911699,
              28.4614917
            ],
            [
              77.0911874,
              28.4614075
            ],
            [
              77.0915928,
              28.4614229
            ],
            [
              77.0915445,
              28.4615495
            ],
            [
              77.0911699,
              28.4614917
            ]
          ]
        ]
      },
      "id": "way/1217691768"
    },
    {
      "type": "Feature",
      "properties": {
        "@id": "way/1217765669",
        "leisure": "park"
      },
      "geometry": {
        "type": "Polygon",
        "coordinates": [
          [
            [
              77.0922375,
              28.4259141
            ],
            [
              77.0922392,
              28.4254439
            ],
            [
              77.0927197,
              28.4254362
            ],
            [
              77.0927302,
              28.4259125
            ],
            [
              77.0922375,
              28.4259141
            ]
          ]
        ]
      },
      "id": "way/1217765669"
    },
    {
      "type": "Feature",
      "properties": {
        "@id": "way/1220968209",
        "addr:city": "Gurugram",
        "addr:postcode": "122001",
        "addr:street": "C Block May Field Gardens",
        "leisure": "park",
        "name": "Manav Rachna Playground cum C Block Main Park",
        "operator": "C Block RWA",
        "operator:type": "private"
      },
      "geometry": {
        "type": "Polygon",
        "coordinates": [
          [
            [
              77.0607194,
              28.4223506
            ],
            [
              77.0610468,
              28.4219982
            ],
            [
              77.0617,
              28.4226997
            ],
            [
              77.0613048,
              28.4229893
            ],
            [
              77.0607194,
              28.4223506
            ]
          ]
        ]
      },
      "id": "way/1220968209"
    },
    {
      "type": "Feature",
      "properties": {
        "@id": "way/1220968333",
        "leisure": "park"
      },
      "geometry": {
        "type": "Polygon",
        "coordinates": [
          [
            [
              77.077885,
              28.4249207
            ],
            [
              77.0784833,
              28.4246151
            ],
            [
              77.0789714,
              28.4255984
            ],
            [
              77.0787946,
              28.4256847
            ],
            [
              77.077885,
              28.4249207
            ]
          ]
        ]
      },
      "id": "way/1220968333"
    },
    {
      "type": "Feature",
      "properties": {
        "@id": "way/1220968499",
        "leisure": "park"
      },
      "geometry": {
        "type": "Polygon",
        "coordinates": [
          [
            [
              77.0771196,
              28.4731317
            ],
            [
              77.0771269,
              28.4726059
            ],
            [
              77.0776501,
              28.4726107
            ],
            [
              77.077619,
              28.4731317
            ],
            [
              77.0771196,
              28.4731317
            ]
          ]
        ]
      },
      "id": "way/1220968499"
    },
    {
      "type": "Feature",
      "properties": {
        "@id": "way/1220968628",
        "leisure": "park"
      },
      "geometry": {
        "type": "Polygon",
        "coordinates": [
          [
            [
              77.0818266,
              28.4733528
            ],
            [
              77.0819953,
              28.4732842
            ],
            [
              77.0822483,
              28.4737007
            ],
            [
              77.0820698,
              28.4737872
            ],
            [
              77.0818266,
              28.4733528
            ]
          ]
        ]
      },
      "id": "way/1220968628"
    },
    {
      "type": "Feature",
      "properties": {
        "@id": "way/1220968972",
        "leisure": "park"
      },
      "geometry": {
        "type": "Polygon",
        "coordinates": [
          [
            [
              77.0794406,
              28.4748515
            ],
            [
              77.0794046,
              28.4746423
            ],
            [
              77.0797426,
              28.4745245
            ],
            [
              77.0798456,
              28.4747011
            ],
            [
              77.0794406,
              28.4748515
            ]
          ]
        ]
      },
      "id": "way/1220968972"
    },
    {
      "type": "Feature",
      "properties": {
        "@id": "way/1220969274",
        "leisure": "park"
      },
      "geometry": {
        "type": "Polygon",
        "coordinates": [
          [
            [
              77.0804803,
              28.4742828
            ],
            [
              77.0809564,
              28.4740763
            ],
            [
              77.0810626,
              28.4742683
            ],
            [
              77.0805906,
              28.4744704
            ],
            [
              77.0804803,
              28.4742828
            ]
          ]
        ]
      },
      "id": "way/1220969274"
    },
    {
      "type": "Feature",
      "properties": {
        "@id": "way/1222327377",
        "leisure": "park"
      },
      "geometry": {
        "type": "Polygon",
        "coordinates": [
          [
            [
              77.0557519,
              28.4284573
            ],
            [
              77.0566,
              28.4282108
            ],
            [
              77.0559755,
              28.4286911
            ],
            [
              77.0557519,
              28.4284573
            ]
          ]
        ]
      },
      "id": "way/1222327377"
    },
    {
      "type": "Feature",
      "properties": {
        "@id": "way/1222327378",
        "fixme": "park boundary correction by local survey",
        "leisure": "park"
      },
      "geometry": {
        "type": "Polygon",
        "coordinates": [
          [
            [
              77.0531968,
              28.428859
            ],
            [
              77.053712,
              28.428766
            ],
            [
              77.0539674,
              28.4289932
            ],
            [
              77.0535806,
              28.4292895
            ],
            [
              77.0531968,
              28.428859
            ]
          ]
        ]
      },
      "id": "way/1222327378"
    },
    {
      "type": "Feature",
      "properties": {
        "@id": "way/1223763806",
        "leisure": "park"
      },
      "geometry": {
        "type": "Polygon",
        "coordinates": [
          [
            [
              77.1043557,
              28.4450473
            ],
            [
              77.104588,
              28.4448576
            ],
            [
              77.10474,
              28.4447335
            ],
            [
              77.1054054,
              28.4453715
            ],
            [
              77.105314,
              28.4454447
            ],
            [
              77.1053948,
              28.4455175
            ],
            [
              77.1050819,
              28.445767
            ],
            [
              77.1043557,
              28.4450473
            ]
          ]
        ]
      },
      "id": "way/1223763806"
    },
    {
      "type": "Feature",
      "properties": {
        "@id": "way/1224672242",
        "addr:city": "DLF CITY, Phase 2",
        "addr:district": "Gurgaon",
        "addr:housenumber": "8-9",
        "addr:postcode": "122002",
        "addr:street": "Gulmohar Marg Extention",
        "leisure": "park",
        "name": "Gulmohar Marg Park"
      },
      "geometry": {
        "type": "Polygon",
        "coordinates": [
          [
            [
              77.0737522,
              28.4814593
            ],
            [
              77.073682,
              28.4813888
            ],
            [
              77.0737173,
              28.4810192
            ],
            [
              77.0733278,
              28.4810331
            ],
            [
              77.0733016,
              28.4809738
            ],
            [
              77.073721,
              28.480642
            ],
            [
              77.0741716,
              28.481124
            ],
            [
              77.0741658,
              28.4811373
            ],
            [
              77.0737522,
              28.4814593
            ]
          ]
        ]
      },
      "id": "way/1224672242"
    },
    {
      "type": "Feature",
      "properties": {
        "@id": "way/1226655024",
        "leisure": "park"
      },
      "geometry": {
        "type": "Polygon",
        "coordinates": [
          [
            [
              77.0626283,
              28.4301531
            ],
            [
              77.0628416,
              28.4299437
            ],
            [
              77.0629169,
              28.4299718
            ],
            [
              77.0629158,
              28.4302319
            ],
            [
              77.062753,
              28.4303307
            ],
            [
              77.0626283,
              28.4301531
            ]
          ]
        ]
      },
      "id": "way/1226655024"
    },
    {
      "type": "Feature",
      "properties": {
        "@id": "way/1227687509",
        "leisure": "park"
      },
      "geometry": {
        "type": "Polygon",
        "coordinates": [
          [
            [
              76.9488472,
              28.3672049
            ],
            [
              76.9488417,
              28.3670508
            ],
            [
              76.9494931,
              28.3670458
            ],
            [
              76.9494947,
              28.3672004
            ],
            [
              76.9488472,
              28.3672049
            ]
          ]
        ]
      },
      "id": "way/1227687509"
    },
    {
      "type": "Feature",
      "properties": {
        "@id": "way/1227687510",
        "leisure": "park"
      },
      "geometry": {
        "type": "Polygon",
        "coordinates": [
          [
            [
              76.9502344,
              28.3671644
            ],
            [
              76.9502355,
              28.3669681
            ],
            [
              76.9507931,
              28.3669615
            ],
            [
              76.9507973,
              28.3671575
            ],
            [
              76.9502344,
              28.3671644
            ]
          ]
        ]
      },
      "id": "way/1227687510"
    },
    {
      "type": "Feature",
      "properties": {
        "@id": "way/1227687511",
        "leisure": "park"
      },
      "geometry": {
        "type": "Polygon",
        "coordinates": [
          [
            [
              76.9504037,
              28.3658259
            ],
            [
              76.950383,
              28.3652612
            ],
            [
              76.950778,
              28.3652507
            ],
            [
              76.9507879,
              28.3658196
            ],
            [
              76.9504037,
              28.3658259
            ]
          ]
        ]
      },
      "id": "way/1227687511"
    },
    {
      "type": "Feature",
      "properties": {
        "@id": "way/1227687512",
        "leisure": "park"
      },
      "geometry": {
        "type": "Polygon",
        "coordinates": [
          [
            [
              76.9482238,
              28.3677256
            ],
            [
              76.9482178,
              28.3672658
            ],
            [
              76.9484675,
              28.3672686
            ],
            [
              76.9484873,
              28.3677221
            ],
            [
              76.9482238,
              28.3677256
            ]
          ]
        ]
      },
      "id": "way/1227687512"
    },
    {
      "type": "Feature",
      "properties": {
        "@id": "way/1227687513",
        "leisure": "park"
      },
      "geometry": {
        "type": "Polygon",
        "coordinates": [
          [
            [
              76.9474727,
              28.3662127
            ],
            [
              76.9474643,
              28.3659911
            ],
            [
              76.9481142,
              28.3659828
            ],
            [
              76.9481145,
              28.366204
            ],
            [
              76.9474727,
              28.3662127
            ]
          ]
        ]
      },
      "id": "way/1227687513"
    },
    {
      "type": "Feature",
      "properties": {
        "@id": "way/1227950252",
        "access": "yes",
        "leisure": "park"
      },
      "geometry": {
        "type": "Polygon",
        "coordinates": [
          [
            [
              77.0650792,
              28.4260652
            ],
            [
              77.0652841,
              28.4259034
            ],
            [
              77.0660138,
              28.4266682
            ],
            [
              77.0657967,
              28.4268377
            ],
            [
              77.0651946,
              28.4261894
            ],
            [
              77.0651802,
              28.426174
            ],
            [
              77.0650792,
              28.4260652
            ]
          ]
        ]
      },
      "id": "way/1227950252"
    },
    {
      "type": "Feature",
      "properties": {
        "@id": "way/1228658282",
        "access": "yes",
        "leisure": "park"
      },
      "geometry": {
        "type": "Polygon",
        "coordinates": [
          [
            [
              77.0663217,
              28.4301485
            ],
            [
              77.0660349,
              28.4301497
            ],
            [
              77.0660321,
              28.4300693
            ],
            [
              77.0663252,
              28.4300568
            ],
            [
              77.0663217,
              28.4301485
            ]
          ]
        ]
      },
      "id": "way/1228658282"
    },
    {
      "type": "Feature",
      "properties": {
        "@id": "way/1228658283",
        "access": "yes",
        "leisure": "park"
      },
      "geometry": {
        "type": "Polygon",
        "coordinates": [
          [
            [
              77.0678357,
              28.4310133
            ],
            [
              77.0674266,
              28.4305707
            ],
            [
              77.067861,
              28.4305398
            ],
            [
              77.0678357,
              28.4310133
            ]
          ]
        ]
      },
      "id": "way/1228658283"
    },
    {
      "type": "Feature",
      "properties": {
        "@id": "way/1228658285",
        "access": "yes",
        "leisure": "park"
      },
      "geometry": {
        "type": "Polygon",
        "coordinates": [
          [
            [
              77.0673455,
              28.4313911
            ],
            [
              77.0675958,
              28.4316439
            ],
            [
              77.0674144,
              28.431646
            ],
            [
              77.0673455,
              28.4313911
            ]
          ]
        ]
      },
      "id": "way/1228658285"
    },
    {
      "type": "Feature",
      "properties": {
        "@id": "way/1228658286",
        "access": "yes",
        "leisure": "park"
      },
      "geometry": {
        "type": "Polygon",
        "coordinates": [
          [
            [
              77.0680057,
              28.4319151
            ],
            [
              77.0681831,
              28.431795
            ],
            [
              77.0683031,
              28.4319523
            ],
            [
              77.0684869,
              28.431846
            ],
            [
              77.0685154,
              28.4318707
            ],
            [
              77.0685342,
              28.4319048
            ],
            [
              77.0685395,
              28.4319394
            ],
            [
              77.0685337,
              28.431977
            ],
            [
              77.0685145,
              28.4320002
            ],
            [
              77.0684829,
              28.4320444
            ],
            [
              77.0681665,
              28.4320257
            ],
            [
              77.0681238,
              28.432009
            ],
            [
              77.0680765,
              28.4319767
            ],
            [
              77.0680057,
              28.4319151
            ]
          ]
        ]
      },
      "id": "way/1228658286"
    },
    {
      "type": "Feature",
      "properties": {
        "@id": "way/1228658290",
        "access": "yes",
        "leisure": "park"
      },
      "geometry": {
        "type": "Polygon",
        "coordinates": [
          [
            [
              77.0686171,
              28.4321599
            ],
            [
              77.0687331,
              28.4322987
            ],
            [
              77.0678531,
              28.4328287
            ],
            [
              77.0677799,
              28.4327461
            ],
            [
              77.0686171,
              28.4321599
            ]
          ]
        ]
      },
      "id": "way/1228658290"
    },
    {
      "type": "Feature",
      "properties": {
        "@id": "way/1228658298",
        "access": "yes",
        "leisure": "park"
      },
      "geometry": {
        "type": "Polygon",
        "coordinates": [
          [
            [
              77.0667304,
              28.4305644
            ],
            [
              77.0669302,
              28.4304443
            ],
            [
              77.0671367,
              28.4304487
            ],
            [
              77.0673747,
              28.4306661
            ],
            [
              77.0672465,
              28.4307584
            ],
            [
              77.0670276,
              28.4305153
            ],
            [
              77.0668195,
              28.4306698
            ],
            [
              77.0667304,
              28.4305644
            ]
          ]
        ]
      },
      "id": "way/1228658298"
    },
    {
      "type": "Feature",
      "properties": {
        "@id": "way/1244261070",
        "leisure": "park"
      },
      "geometry": {
        "type": "Polygon",
        "coordinates": [
          [
            [
              77.0375485,
              28.4160594
            ],
            [
              77.0382347,
              28.4157461
            ],
            [
              77.038435,
              28.4160856
            ],
            [
              77.0377488,
              28.4163989
            ],
            [
              77.0375485,
              28.4160594
            ]
          ]
        ]
      },
      "id": "way/1244261070"
    },
    {
      "type": "Feature",
      "properties": {
        "@id": "way/1244261073",
        "leisure": "park"
      },
      "geometry": {
        "type": "Polygon",
        "coordinates": [
          [
            [
              77.0389039,
              28.4170384
            ],
            [
              77.038583,
              28.4165229
            ],
            [
              77.0389914,
              28.4163212
            ],
            [
              77.0393012,
              28.4168615
            ],
            [
              77.0389039,
              28.4170384
            ]
          ]
        ]
      },
      "id": "way/1244261073"
    },
    {
      "type": "Feature",
      "properties": {
        "@id": "way/1244261074",
        "leisure": "park"
      },
      "geometry": {
        "type": "Polygon",
        "coordinates": [
          [
            [
              77.0359657,
              28.416794
            ],
            [
              77.0366407,
              28.4164784
            ],
            [
              77.0368575,
              28.4168369
            ],
            [
              77.0361825,
              28.4171525
            ],
            [
              77.0359657,
              28.416794
            ]
          ]
        ]
      },
      "id": "way/1244261074"
    },
    {
      "type": "Feature",
      "properties": {
        "@id": "way/1247506035",
        "addr:city": "Gurgaon",
        "addr:district": "Gurgaon",
        "addr:postcode": "122102",
        "addr:street": "E Block Ave, E Block, Ansal Esencia, Sector 67",
        "landuse": "recreation_ground",
        "leisure": "park",
        "name": "King's Park",
        "opening_hours": "24/7",
        "operator": "Resident's Welfare Association",
        "operator:type": "association"
      },
      "geometry": {
        "type": "Polygon",
        "coordinates": [
          [
            [
              77.0640357,
              28.386395
            ],
            [
              77.0639748,
              28.3863447
            ],
            [
              77.0639819,
              28.3856673
            ],
            [
              77.0644804,
              28.3856731
            ],
            [
              77.0644692,
              28.3864012
            ],
            [
              77.0640357,
              28.386395
            ]
          ]
        ]
      },
      "id": "way/1247506035"
    },
    {
      "type": "Feature",
      "properties": {
        "@id": "way/1247511524",
        "access": "yes",
        "addr:city": "Gurgaon",
        "addr:district": "Gurgaon",
        "addr:postcode": "122102",
        "addr:street": "E Block Ave, E Block, Ansal Esencia, Sector 67",
        "landuse": "recreation_ground",
        "leisure": "park",
        "name": "Queen's Park",
        "opening_hours": "24/7",
        "operator": "Resident's Welfare Association",
        "operator:type": "association"
      },
      "geometry": {
        "type": "Polygon",
        "coordinates": [
          [
            [
              77.0639864,
              28.385624
            ],
            [
              77.0639922,
              28.3850894
            ],
            [
              77.0634821,
              28.3850834
            ],
            [
              77.063482,
              28.3848714
            ],
            [
              77.0641623,
              28.3848847
            ],
            [
              77.0641635,
              28.3847546
            ],
            [
              77.0642373,
              28.3847495
            ],
            [
              77.0642328,
              28.3848794
            ],
            [
              77.064216,
              28.3856286
            ],
            [
              77.0639864,
              28.385624
            ]
          ]
        ]
      },
      "id": "way/1247511524"
    },
    {
      "type": "Feature",
      "properties": {
        "@id": "way/1247513931",
        "access": "yes",
        "addr:city": "Gurgaon",
        "addr:district": "Gurgaon",
        "addr:postcode": "122102",
        "addr:street": "E Block Ave, E Block, Ansal Esencia, Sector 67",
        "landuse": "recreation_ground",
        "leisure": "park",
        "opening_hours": "24/7",
        "operator": "Resident's Welfare Association",
        "operator:type": "association"
      },
      "geometry": {
        "type": "Polygon",
        "coordinates": [
          [
            [
              77.0609525,
              28.3858554
            ],
            [
              77.0610106,
              28.3857054
            ],
            [
              77.0611638,
              28.3857045
            ],
            [
              77.0611672,
              28.3859216
            ],
            [
              77.0609525,
              28.3858554
            ]
          ]
        ]
      },
      "id": "way/1247513931"
    },
    {
      "type": "Feature",
      "properties": {
        "@id": "way/1247545901",
        "addr:city": "Gurgaon",
        "addr:district": "Gurgaon",
        "addr:postcode": "122102",
        "addr:street": "Ansal Esencia, Sector 67",
        "landuse": "recreation_ground",
        "leisure": "park",
        "name": "O3 Park",
        "opening_hours": "24/7",
        "operator": "Resident's Welfare Association",
        "operator:type": "association"
      },
      "geometry": {
        "type": "Polygon",
        "coordinates": [
          [
            [
              77.0584311,
              28.3864259
            ],
            [
              77.0584395,
              28.3862132
            ],
            [
              77.0597695,
              28.3862108
            ],
            [
              77.0593898,
              28.3868393
            ],
            [
              77.0584311,
              28.3864259
            ]
          ]
        ]
      },
      "id": "way/1247545901"
    },
    {
      "type": "Feature",
      "properties": {
        "@id": "way/1247545902",
        "addr:city": "Gurgaon",
        "addr:district": "Gurgaon",
        "addr:postcode": "122102",
        "addr:street": "Ansal Esencia, Sector 67",
        "leisure": "park",
        "opening_hours": "24/7",
        "operator": "RWA",
        "operator:type": "association"
      },
      "geometry": {
        "type": "Polygon",
        "coordinates": [
          [
            [
              77.0583594,
              28.3874064
            ],
            [
              77.0583958,
              28.3873423
            ],
            [
              77.0584058,
              28.3864726
            ],
            [
              77.0586459,
              28.3865785
            ],
            [
              77.0584275,
              28.3869697
            ],
            [
              77.0586111,
              28.3870572
            ],
            [
              77.0584063,
              28.3874265
            ],
            [
              77.0583594,
              28.3874064
            ]
          ]
        ]
      },
      "id": "way/1247545902"
    },
    {
      "type": "Feature",
      "properties": {
        "@id": "way/1247545903",
        "addr:city": "Gurgaon",
        "addr:district": "Gurgaon",
        "addr:postcode": "122102",
        "addr:street": "Ansal Esencia, Sector 67",
        "leisure": "park",
        "name": "Tranquile Groove",
        "opening_hours": "24/7",
        "operator": "RWA",
        "operator:type": "association"
      },
      "geometry": {
        "type": "Polygon",
        "coordinates": [
          [
            [
              77.0584315,
              28.3861197
            ],
            [
              77.0584481,
              28.3838035
            ],
            [
              77.0585946,
              28.3838092
            ],
            [
              77.0585993,
              28.384301
            ],
            [
              77.0586874,
              28.384307
            ],
            [
              77.0586814,
              28.3848433
            ],
            [
              77.0585794,
              28.3848463
            ],
            [
              77.058574,
              28.3861202
            ],
            [
              77.0584315,
              28.3861197
            ]
          ]
        ]
      },
      "id": "way/1247545903"
    },
    {
      "type": "Feature",
      "properties": {
        "@id": "way/1247545904",
        "addr:city": "Gurgaon",
        "addr:district": "Gurgaon",
        "addr:postcode": "122102",
        "addr:street": "Ansal Esencia, Sector 67",
        "leisure": "park",
        "opening_hours": "24/7",
        "operator": "RWA"
      },
      "geometry": {
        "type": "Polygon",
        "coordinates": [
          [
            [
              77.0584399,
              28.3837023
            ],
            [
              77.0584274,
              28.3827958
            ],
            [
              77.0585838,
              28.3827947
            ],
            [
              77.0585875,
              28.3837035
            ],
            [
              77.0584399,
              28.3837023
            ]
          ]
        ]
      },
      "id": "way/1247545904"
    },
    {
      "type": "Feature",
      "properties": {
        "@id": "way/1247545905",
        "addr:city": "Gurgaon",
        "addr:district": "Gurgaon",
        "addr:postcode": "122102",
        "addr:street": "Ansal Esencia, Sector 67",
        "landuse": "recreation_ground",
        "leisure": "park",
        "name": "Hyde Park",
        "opening_hours": "24/7",
        "operator": "RWA",
        "operator:type": "association"
      },
      "geometry": {
        "type": "Polygon",
        "coordinates": [
          [
            [
              77.0584107,
              28.382721
            ],
            [
              77.0584087,
              28.3821097
            ],
            [
              77.060039,
              28.3821057
            ],
            [
              77.0600252,
              28.3827322
            ],
            [
              77.0584107,
              28.382721
            ]
          ]
        ]
      },
      "id": "way/1247545905"
    },
    {
      "type": "Feature",
      "properties": {
        "@id": "way/1247545906",
        "addr:city": "Gurgaon",
        "addr:district": "Gurgaon",
        "addr:postcode": "122102",
        "addr:street": "F Block, Ansal Esencia, Sector 67",
        "landuse": "recreation_ground",
        "leisure": "park",
        "name": "Eco Grove Park",
        "opening_hours": "24/7",
        "operator": "RWA",
        "operator:type": "association"
      },
      "geometry": {
        "type": "Polygon",
        "coordinates": [
          [
            [
              77.0626798,
              28.3826765
            ],
            [
              77.0626815,
              28.3824558
            ],
            [
              77.0628611,
              28.382091
            ],
            [
              77.0643685,
              28.3827013
            ],
            [
              77.0626798,
              28.3826765
            ]
          ]
        ]
      },
      "id": "way/1247545906"
    },
    {
      "type": "Feature",
      "properties": {
        "@id": "way/1247550805",
        "addr:city": "Gurgaon",
        "addr:district": "Gurgaon",
        "addr:postcode": "122102",
        "addr:street": "D Block, Ansal Esencia, Sector 67",
        "landuse": "recreation_ground",
        "leisure": "park",
        "name": "H2O Park",
        "opening_hours": "24/7",
        "operator": "RWA",
        "operator:type": "association"
      },
      "geometry": {
        "type": "Polygon",
        "coordinates": [
          [
            [
              77.0603234,
              28.3874421
            ],
            [
              77.0603245,
              28.3878097
            ],
            [
              77.0601235,
              28.3877951
            ],
            [
              77.0607075,
              28.386703
            ],
            [
              77.0607045,
              28.3878055
            ],
            [
              77.0606717,
              28.3878056
            ],
            [
              77.0606747,
              28.3874447
            ],
            [
              77.0603234,
              28.3874421
            ]
          ]
        ]
      },
      "id": "way/1247550805"
    },
    {
      "type": "Feature",
      "properties": {
        "@id": "way/1247550806",
        "addr:city": "Gurgaon",
        "addr:district": "Gurgaon",
        "addr:postcode": "122102",
        "addr:street": "A Block, Ansal Esencia, Sector 67",
        "landuse": "recreation_ground",
        "leisure": "park",
        "name": "O2 Park",
        "opening_hours": "24/7",
        "operator": "RWA",
        "operator:type": "association"
      },
      "geometry": {
        "type": "Polygon",
        "coordinates": [
          [
            [
              77.0579589,
              28.3881427
            ],
            [
              77.0582671,
              28.3875616
            ],
            [
              77.0593276,
              28.3879924
            ],
            [
              77.0592444,
              28.3881378
            ],
            [
              77.0591858,
              28.3881781
            ],
            [
              77.0579589,
              28.3881427
            ]
          ]
        ]
      },
      "id": "way/1247550806"
    },
    {
      "type": "Feature",
      "properties": {
        "@id": "way/1247552530",
        "leisure": "park"
      },
      "geometry": {
        "type": "Polygon",
        "coordinates": [
          [
            [
              77.05713,
              28.3903532
            ],
            [
              77.0574115,
              28.3902984
            ],
            [
              77.0577545,
              28.3902849
            ],
            [
              77.0577677,
              28.3905363
            ],
            [
              77.05713,
              28.3903532
            ]
          ]
        ]
      },
      "id": "way/1247552530"
    },
    {
      "type": "Feature",
      "properties": {
        "@id": "way/1247552531",
        "leisure": "park"
      },
      "geometry": {
        "type": "Polygon",
        "coordinates": [
          [
            [
              77.0579617,
              28.3905722
            ],
            [
              77.0579529,
              28.3902838
            ],
            [
              77.0585352,
              28.3902863
            ],
            [
              77.0585463,
              28.3907351
            ],
            [
              77.0579617,
              28.3905722
            ]
          ]
        ]
      },
      "id": "way/1247552531"
    },
    {
      "type": "Feature",
      "properties": {
        "@id": "way/1247552532",
        "access": "permissive",
        "leisure": "park",
        "opening_hours": "sunrise-sunset",
        "operator": "RWA",
        "operator:type": "association"
      },
      "geometry": {
        "type": "Polygon",
        "coordinates": [
          [
            [
              77.0579621,
              28.3901088
            ],
            [
              77.0579676,
              28.389327
            ],
            [
              77.0580983,
              28.3893296
            ],
            [
              77.0580883,
              28.3901114
            ],
            [
              77.0579621,
              28.3901088
            ]
          ]
        ]
      },
      "id": "way/1247552532"
    },
    {
      "type": "Feature",
      "properties": {
        "@id": "way/1247552533",
        "leisure": "park"
      },
      "geometry": {
        "type": "Polygon",
        "coordinates": [
          [
            [
              77.0635534,
              28.3872021
            ],
            [
              77.0636568,
              28.3870075
            ],
            [
              77.0640546,
              28.3871721
            ],
            [
              77.0640761,
              28.387433
            ],
            [
              77.0635534,
              28.3872021
            ]
          ]
        ]
      },
      "id": "way/1247552533"
    },
    {
      "type": "Feature",
      "properties": {
        "@id": "way/1247552535",
        "leisure": "park"
      },
      "geometry": {
        "type": "Polygon",
        "coordinates": [
          [
            [
              77.0634537,
              28.3865414
            ],
            [
              77.0634547,
              28.3864976
            ],
            [
              77.0641249,
              28.3865049
            ],
            [
              77.0641241,
              28.3865503
            ],
            [
              77.0634537,
              28.3865414
            ]
          ]
        ]
      },
      "id": "way/1247552535"
    },
    {
      "type": "Feature",
      "properties": {
        "@id": "way/1253892528",
        "leisure": "park"
      },
      "geometry": {
        "type": "Polygon",
        "coordinates": [
          [
            [
              77.0411646,
              28.4401128
            ],
            [
              77.0408324,
              28.4397731
            ],
            [
              77.0411636,
              28.4395227
            ],
            [
              77.0414957,
              28.4398624
            ],
            [
              77.0411646,
              28.4401128
            ]
          ]
        ]
      },
      "id": "way/1253892528"
    },
    {
      "type": "Feature",
      "properties": {
        "@id": "way/1253892529",
        "leisure": "park"
      },
      "geometry": {
        "type": "Polygon",
        "coordinates": [
          [
            [
              77.0405171,
              28.44063
            ],
            [
              77.0397796,
              28.4398842
            ],
            [
              77.0400111,
              28.4397072
            ],
            [
              77.0400661,
              28.4397628
            ],
            [
              77.0401411,
              28.4397055
            ],
            [
              77.0403368,
              28.4399035
            ],
            [
              77.0404788,
              28.439795
            ],
            [
              77.0405237,
              28.4398404
            ],
            [
              77.0405618,
              28.4398113
            ],
            [
              77.0406004,
              28.4398504
            ],
            [
              77.0406578,
              28.4398066
            ],
            [
              77.0410609,
              28.4402142
            ],
            [
              77.0405171,
              28.44063
            ]
          ]
        ]
      },
      "id": "way/1253892529"
    },
    {
      "type": "Feature",
      "properties": {
        "@id": "way/1253892530",
        "leisure": "park"
      },
      "geometry": {
        "type": "Polygon",
        "coordinates": [
          [
            [
              77.0416166,
              28.4397697
            ],
            [
              77.0412126,
              28.4393473
            ],
            [
              77.0415919,
              28.4390668
            ],
            [
              77.0419958,
              28.4394893
            ],
            [
              77.0416166,
              28.4397697
            ]
          ]
        ]
      },
      "id": "way/1253892530"
    },
    {
      "type": "Feature",
      "properties": {
        "@id": "way/1257188599",
        "leisure": "park",
        "name": "Vijay Singh Park"
      },
      "geometry": {
        "type": "Polygon",
        "coordinates": [
          [
            [
              77.120754,
              28.5135621
            ],
            [
              77.1206818,
              28.5131225
            ],
            [
              77.1211872,
              28.5130726
            ],
            [
              77.1211924,
              28.5135303
            ],
            [
              77.120754,
              28.5135621
            ]
          ]
        ]
      },
      "id": "way/1257188599"
    },
    {
      "type": "Feature",
      "properties": {
        "@id": "way/1260741044",
        "addr:city": "Gurugram",
        "addr:postcode": "122001",
        "addr:street": "J Block",
        "leisure": "park",
        "name": "Main Triangular Park",
        "operator": "J Block MayField Gardens",
        "operator:type": "private"
      },
      "geometry": {
        "type": "Polygon",
        "coordinates": [
          [
            [
              77.0638631,
              28.4226668
            ],
            [
              77.0642897,
              28.4224718
            ],
            [
              77.0647695,
              28.4226531
            ],
            [
              77.0638631,
              28.4226668
            ]
          ]
        ]
      },
      "id": "way/1260741044"
    },
    {
      "type": "Feature",
      "properties": {
        "@id": "way/1260743940",
        "addr:city": "Gurugram",
        "addr:postcode": "122001",
        "addr:street": "J Block",
        "description": "J Block Joggers Park",
        "leisure": "park",
        "name": "Joggers Park",
        "operator": "RWA",
        "operator:type": "private"
      },
      "geometry": {
        "type": "Polygon",
        "coordinates": [
          [
            [
              77.0632094,
              28.4236876
            ],
            [
              77.0627185,
              28.4233159
            ],
            [
              77.0632221,
              28.4229331
            ],
            [
              77.0632094,
              28.4236876
            ]
          ]
        ]
      },
      "id": "way/1260743940"
    },
    {
      "type": "Feature",
      "properties": {
        "@id": "way/1260750144",
        "addr:city": "Gurugram",
        "addr:postcode": "122001",
        "addr:street": "N Block",
        "leisure": "park",
        "name": "Temple Park",
        "operator": "Temple",
        "operator:type": "private"
      },
      "geometry": {
        "type": "Polygon",
        "coordinates": [
          [
            [
              77.0604735,
              28.4265186
            ],
            [
              77.060761,
              28.4262835
            ],
            [
              77.0607744,
              28.4265526
            ],
            [
              77.0606517,
              28.4266517
            ],
            [
              77.0604735,
              28.4265186
            ]
          ]
        ]
      },
      "id": "way/1260750144"
    },
    {
      "type": "Feature",
      "properties": {
        "@id": "way/1260759155",
        "leisure": "park",
        "name": "Housing Board Park N Block",
        "operator": "Housing Board",
        "operator:type": "public"
      },
      "geometry": {
        "type": "Polygon",
        "coordinates": [
          [
            [
              77.0629467,
              28.4266317
            ],
            [
              77.0632394,
              28.4263275
            ],
            [
              77.0632244,
              28.4266361
            ],
            [
              77.0629467,
              28.4266317
            ]
          ]
        ]
      },
      "id": "way/1260759155"
    },
    {
      "type": "Feature",
      "properties": {
        "@id": "way/1270574306",
        "leisure": "park"
      },
      "geometry": {
        "type": "Polygon",
        "coordinates": [
          [
            [
              77.0180233,
              28.4664681
            ],
            [
              77.0181267,
              28.466172
            ],
            [
              77.0185286,
              28.4661698
            ],
            [
              77.0185184,
              28.466255
            ],
            [
              77.0180233,
              28.4664681
            ]
          ]
        ]
      },
      "id": "way/1270574306"
    },
    {
      "type": "Feature",
      "properties": {
        "@id": "way/1270574308",
        "leisure": "park"
      },
      "geometry": {
        "type": "Polygon",
        "coordinates": [
          [
            [
              77.0151841,
              28.4673947
            ],
            [
              77.0162511,
              28.466915
            ],
            [
              77.0164941,
              28.4672685
            ],
            [
              77.0159153,
              28.4675228
            ],
            [
              77.0153167,
              28.4677636
            ],
            [
              77.0151841,
              28.4673947
            ]
          ]
        ]
      },
      "id": "way/1270574308"
    },
    {
      "type": "Feature",
      "properties": {
        "@id": "way/1270574309",
        "leisure": "park"
      },
      "geometry": {
        "type": "Polygon",
        "coordinates": [
          [
            [
              77.0163018,
              28.468664
            ],
            [
              77.0167752,
              28.468378
            ],
            [
              77.0169882,
              28.4685877
            ],
            [
              77.0165391,
              28.468895
            ],
            [
              77.0163018,
              28.468664
            ]
          ]
        ]
      },
      "id": "way/1270574309"
    },
    {
      "type": "Feature",
      "properties": {
        "@id": "way/1270574310",
        "leisure": "park"
      },
      "geometry": {
        "type": "Polygon",
        "coordinates": [
          [
            [
              77.000443,
              28.4691185
            ],
            [
              77.0008913,
              28.4692491
            ],
            [
              77.0006605,
              28.4697971
            ],
            [
              77.0002069,
              28.4696572
            ],
            [
              77.000443,
              28.4691185
            ]
          ]
        ]
      },
      "id": "way/1270574310"
    },
    {
      "type": "Feature",
      "properties": {
        "@id": "way/1270574311",
        "leisure": "park"
      },
      "geometry": {
        "type": "Polygon",
        "coordinates": [
          [
            [
              76.9986906,
              28.4679932
            ],
            [
              76.9991893,
              28.4681681
            ],
            [
              76.9990434,
              28.4684456
            ],
            [
              76.9985554,
              28.468273
            ],
            [
              76.9986906,
              28.4679932
            ]
          ]
        ]
      },
      "id": "way/1270574311"
    },
    {
      "type": "Feature",
      "properties": {
        "@id": "way/1270574326",
        "leisure": "park"
      },
      "geometry": {
        "type": "Polygon",
        "coordinates": [
          [
            [
              77.0637445,
              28.4307813
            ],
            [
              77.0640172,
              28.4307746
            ],
            [
              77.0640249,
              28.4310521
            ],
            [
              77.0637445,
              28.4307813
            ]
          ]
        ]
      },
      "id": "way/1270574326"
    },
    {
      "type": "Feature",
      "properties": {
        "@id": "way/1270574327",
        "leisure": "park"
      },
      "geometry": {
        "type": "Polygon",
        "coordinates": [
          [
            [
              77.0636419,
              28.4311667
            ],
            [
              77.0638242,
              28.4310373
            ],
            [
              77.0639866,
              28.4311882
            ],
            [
              77.0639712,
              28.4314765
            ],
            [
              77.0636419,
              28.4311667
            ]
          ]
        ]
      },
      "id": "way/1270574327"
    },
    {
      "type": "Feature",
      "properties": {
        "@id": "way/1270574328",
        "leisure": "park"
      },
      "geometry": {
        "type": "Polygon",
        "coordinates": [
          [
            [
              77.062028,
              28.4305353
            ],
            [
              77.0624232,
              28.4305433
            ],
            [
              77.0624324,
              28.4305662
            ],
            [
              77.0621965,
              28.43074
            ],
            [
              77.062028,
              28.4305353
            ]
          ]
        ]
      },
      "id": "way/1270574328"
    },
    {
      "type": "Feature",
      "properties": {
        "@id": "way/1270574329",
        "leisure": "park"
      },
      "geometry": {
        "type": "Polygon",
        "coordinates": [
          [
            [
              77.0550163,
              28.4385087
            ],
            [
              77.0555774,
              28.4385006
            ],
            [
              77.0552481,
              28.4387497
            ],
            [
              77.0550163,
              28.4385087
            ]
          ]
        ]
      },
      "id": "way/1270574329"
    },
    {
      "type": "Feature",
      "properties": {
        "@id": "way/1270694619",
        "leisure": "park"
      },
      "geometry": {
        "type": "Polygon",
        "coordinates": [
          [
            [
              77.0697525,
              28.4343588
            ],
            [
              77.0700741,
              28.4343666
            ],
            [
              77.0697502,
              28.434622
            ],
            [
              77.0697525,
              28.4343588
            ]
          ]
        ]
      },
      "id": "way/1270694619"
    },
    {
      "type": "Feature",
      "properties": {
        "@id": "way/1270694621",
        "leisure": "park"
      },
      "geometry": {
        "type": "Polygon",
        "coordinates": [
          [
            [
              77.0680402,
              28.4337669
            ],
            [
              77.0674571,
              28.4337635
            ],
            [
              77.0677345,
              28.4336024
            ],
            [
              77.0677887,
              28.4335763
            ],
            [
              77.0680428,
              28.4335786
            ],
            [
              77.0680402,
              28.4337669
            ]
          ]
        ]
      },
      "id": "way/1270694621"
    },
    {
      "type": "Feature",
      "properties": {
        "@id": "way/1271122115",
        "leisure": "park"
      },
      "geometry": {
        "type": "Polygon",
        "coordinates": [
          [
            [
              77.0815523,
              28.4240765
            ],
            [
              77.0818741,
              28.4239264
            ],
            [
              77.0821401,
              28.4243795
            ],
            [
              77.0818273,
              28.4245203
            ],
            [
              77.0815523,
              28.4240765
            ]
          ]
        ]
      },
      "id": "way/1271122115"
    },
    {
      "type": "Feature",
      "properties": {
        "@id": "way/1271122118",
        "leisure": "park"
      },
      "geometry": {
        "type": "Polygon",
        "coordinates": [
          [
            [
              77.0852939,
              28.4281745
            ],
            [
              77.0858226,
              28.4281117
            ],
            [
              77.0858555,
              28.4287842
            ],
            [
              77.0853634,
              28.4287376
            ],
            [
              77.0852939,
              28.4281745
            ]
          ]
        ]
      },
      "id": "way/1271122118"
    },
    {
      "type": "Feature",
      "properties": {
        "@id": "way/1271122120",
        "leisure": "park"
      },
      "geometry": {
        "type": "Polygon",
        "coordinates": [
          [
            [
              77.0876475,
              28.4278568
            ],
            [
              77.0885163,
              28.4279194
            ],
            [
              77.0885255,
              28.4284785
            ],
            [
              77.0876547,
              28.4284323
            ],
            [
              77.0876475,
              28.4278568
            ]
          ]
        ]
      },
      "id": "way/1271122120"
    },
    {
      "type": "Feature",
      "properties": {
        "@id": "way/1271124846",
        "leisure": "park"
      },
      "geometry": {
        "type": "Polygon",
        "coordinates": [
          [
            [
              77.0752898,
              28.4316725
            ],
            [
              77.0756742,
              28.4313997
            ],
            [
              77.0760906,
              28.4320033
            ],
            [
              77.0757917,
              28.4321954
            ],
            [
              77.0752898,
              28.4316725
            ]
          ]
        ]
      },
      "id": "way/1271124846"
    },
    {
      "type": "Feature",
      "properties": {
        "@id": "way/1271124847",
        "leisure": "park"
      },
      "geometry": {
        "type": "Polygon",
        "coordinates": [
          [
            [
              77.074066,
              28.4326252
            ],
            [
              77.0743243,
              28.4329006
            ],
            [
              77.0732686,
              28.4337214
            ],
            [
              77.0730602,
              28.4334087
            ],
            [
              77.074066,
              28.4326252
            ]
          ]
        ]
      },
      "id": "way/1271124847"
    },
    {
      "type": "Feature",
      "properties": {
        "@id": "way/1271124848",
        "leisure": "park"
      },
      "geometry": {
        "type": "Polygon",
        "coordinates": [
          [
            [
              77.0706217,
              28.437022
            ],
            [
              77.0707402,
              28.437023
            ],
            [
              77.0707365,
              28.4374038
            ],
            [
              77.0706105,
              28.4374049
            ],
            [
              77.0706217,
              28.437022
            ]
          ]
        ]
      },
      "id": "way/1271124848"
    },
    {
      "type": "Feature",
      "properties": {
        "@id": "way/1271124850",
        "leisure": "park"
      },
      "geometry": {
        "type": "Polygon",
        "coordinates": [
          [
            [
              77.0827127,
              28.4491489
            ],
            [
              77.0833472,
              28.4493562
            ],
            [
              77.0829,
              28.4496856
            ],
            [
              77.082486,
              28.4497149
            ],
            [
              77.0827127,
              28.4491489
            ]
          ]
        ]
      },
      "id": "way/1271124850"
    },
    {
      "type": "Feature",
      "properties": {
        "@id": "way/1271124851",
        "leisure": "park"
      },
      "geometry": {
        "type": "Polygon",
        "coordinates": [
          [
            [
              77.0812711,
              28.448654
            ],
            [
              77.0817077,
              28.4487882
            ],
            [
              77.0815536,
              28.4492213
            ],
            [
              77.0813542,
              28.4490937
            ],
            [
              77.0812182,
              28.4489449
            ],
            [
              77.0811472,
              28.4488214
            ],
            [
              77.0812711,
              28.448654
            ]
          ]
        ]
      },
      "id": "way/1271124851"
    },
    {
      "type": "Feature",
      "properties": {
        "@id": "way/1271124852",
        "leisure": "park"
      },
      "geometry": {
        "type": "Polygon",
        "coordinates": [
          [
            [
              77.0781506,
              28.4544251
            ],
            [
              77.0784401,
              28.4544449
            ],
            [
              77.0782742,
              28.455328
            ],
            [
              77.0781606,
              28.4553225
            ],
            [
              77.0781506,
              28.4544251
            ]
          ]
        ]
      },
      "id": "way/1271124852"
    },
    {
      "type": "Feature",
      "properties": {
        "@id": "way/1292851641",
        "access": "residents",
        "leisure": "park",
        "operator": "Ganga Apartments",
        "operator:type": "private"
      },
      "geometry": {
        "type": "Polygon",
        "coordinates": [
          [
            [
              77.1462322,
              28.5250874
            ],
            [
              77.1460152,
              28.5243669
            ],
            [
              77.1464893,
              28.5242726
            ],
            [
              77.1467737,
              28.5250055
            ],
            [
              77.1462322,
              28.5250874
            ]
          ]
        ]
      },
      "id": "way/1292851641"
    },
    {
      "type": "Feature",
      "properties": {
        "@id": "way/1296966884",
        "leisure": "park"
      },
      "geometry": {
        "type": "Polygon",
        "coordinates": [
          [
            [
              77.0629642,
              28.4236826
            ],
            [
              77.0621171,
              28.4236808
            ],
            [
              77.0625695,
              28.4233174
            ],
            [
              77.0629642,
              28.4236826
            ]
          ]
        ]
      },
      "id": "way/1296966884"
    },
    {
      "type": "Feature",
      "properties": {
        "@id": "way/1298616319",
        "leisure": "park"
      },
      "geometry": {
        "type": "Polygon",
        "coordinates": [
          [
            [
              76.9095835,
              28.4026079
            ],
            [
              76.9111258,
              28.4031906
            ],
            [
              76.9111364,
              28.4032071
            ],
            [
              76.9111392,
              28.403226
            ],
            [
              76.911134,
              28.4032437
            ],
            [
              76.9111218,
              28.4032586
            ],
            [
              76.9111043,
              28.4032685
            ],
            [
              76.9101629,
              28.4032732
            ],
            [
              76.909554,
              28.4027258
            ],
            [
              76.9095386,
              28.402708
            ],
            [
              76.9095302,
              28.4026869
            ],
            [
              76.9095299,
              28.4026645
            ],
            [
              76.909536,
              28.4026459
            ],
            [
              76.9095476,
              28.4026295
            ],
            [
              76.9095639,
              28.4026165
            ],
            [
              76.9095835,
              28.4026079
            ]
          ]
        ]
      },
      "id": "way/1298616319"
    },
    {
      "type": "Feature",
      "properties": {
        "@id": "way/1298616320",
        "leisure": "park"
      },
      "geometry": {
        "type": "Polygon",
        "coordinates": [
          [
            [
              76.9141701,
              28.3997011
            ],
            [
              76.913985,
              28.3995454
            ],
            [
              76.9151062,
              28.3988092
            ],
            [
              76.9156104,
              28.398998
            ],
            [
              76.9141701,
              28.3997011
            ]
          ]
        ]
      },
      "id": "way/1298616320"
    },
    {
      "type": "Feature",
      "properties": {
        "@id": "way/1300397431",
        "leisure": "park"
      },
      "geometry": {
        "type": "Polygon",
        "coordinates": [
          [
            [
              77.0649014,
              28.4276806
            ],
            [
              77.0647458,
              28.4272614
            ],
            [
              77.0651079,
              28.4275704
            ],
            [
              77.0649014,
              28.4276806
            ]
          ]
        ]
      },
      "id": "way/1300397431"
    },
    {
      "type": "Feature",
      "properties": {
        "@id": "way/1305388327",
        "access": "yes",
        "leisure": "park",
        "noname": "yes",
        "operator": "Powergrid"
      },
      "geometry": {
        "type": "Polygon",
        "coordinates": [
          [
            [
              77.0747291,
              28.454834
            ],
            [
              77.0747271,
              28.454886
            ],
            [
              77.074696,
              28.4556782
            ],
            [
              77.0746515,
              28.4568116
            ],
            [
              77.0745804,
              28.4586209
            ],
            [
              77.074353,
              28.4580531
            ],
            [
              77.0744258,
              28.4548292
            ],
            [
              77.0747291,
              28.454834
            ]
          ]
        ]
      },
      "id": "way/1305388327"
    },
    {
      "type": "Feature",
      "properties": {
        "@id": "way/1313203041",
        "leisure": "park"
      },
      "geometry": {
        "type": "Polygon",
        "coordinates": [
          [
            [
              77.0669741,
              28.4321312
            ],
            [
              77.0672122,
              28.4321303
            ],
            [
              77.0672101,
              28.4323868
            ],
            [
              77.066971,
              28.4323849
            ],
            [
              77.0669741,
              28.4321312
            ]
          ]
        ]
      },
      "id": "way/1313203041"
    },
    {
      "type": "Feature",
      "properties": {
        "@id": "way/1315446100",
        "leisure": "park"
      },
      "geometry": {
        "type": "Polygon",
        "coordinates": [
          [
            [
              77.0739183,
              28.4207238
            ],
            [
              77.074111,
              28.4210574
            ],
            [
              77.0739183,
              28.4210655
            ],
            [
              77.0739183,
              28.4207238
            ]
          ]
        ]
      },
      "id": "way/1315446100"
    },
    {
      "type": "Feature",
      "properties": {
        "@id": "way/1331281992",
        "leisure": "park"
      },
      "geometry": {
        "type": "Polygon",
        "coordinates": [
          [
            [
              76.9685541,
              28.4751063
            ],
            [
              76.9687972,
              28.4749767
            ],
            [
              76.9695577,
              28.4760208
            ],
            [
              76.9698436,
              28.4760053
            ],
            [
              76.9698981,
              28.4760869
            ],
            [
              76.9694766,
              28.4763291
            ],
            [
              76.9685541,
              28.4751063
            ]
          ]
        ]
      },
      "id": "way/1331281992"
    },
    {
      "type": "Feature",
      "properties": {
        "@id": "way/1337326032",
        "leisure": "park"
      },
      "geometry": {
        "type": "Polygon",
        "coordinates": [
          [
            [
              77.0616771,
              28.4301481
            ],
            [
              77.0619596,
              28.4299666
            ],
            [
              77.0619286,
              28.4304204
            ],
            [
              77.0616771,
              28.4301481
            ]
          ]
        ]
      },
      "id": "way/1337326032"
    },
    {
      "type": "Feature",
      "properties": {
        "@id": "way/1337326040",
        "leisure": "park"
      },
      "geometry": {
        "type": "Polygon",
        "coordinates": [
          [
            [
              77.0754065,
              28.4243929
            ],
            [
              77.0758253,
              28.4246002
            ],
            [
              77.0754054,
              28.4246355
            ],
            [
              77.0754065,
              28.4243929
            ]
          ]
        ]
      },
      "id": "way/1337326040"
    },
    {
      "type": "Feature",
      "properties": {
        "@id": "way/1337326046",
        "leisure": "park"
      },
      "geometry": {
        "type": "Polygon",
        "coordinates": [
          [
            [
              77.0362895,
              28.4086555
            ],
            [
              77.036666,
              28.4084176
            ],
            [
              77.0366632,
              28.4088505
            ],
            [
              77.0362882,
              28.4088615
            ],
            [
              77.0362895,
              28.4086555
            ]
          ]
        ]
      },
      "id": "way/1337326046"
    },
    {
      "type": "Feature",
      "properties": {
        "@id": "way/1360363323",
        "leisure": "park"
      },
      "geometry": {
        "type": "Polygon",
        "coordinates": [
          [
            [
              76.8809223,
              28.3336456
            ],
            [
              76.8809695,
              28.3335424
            ],
            [
              76.8810044,
              28.3334642
            ],
            [
              76.8810635,
              28.333386
            ],
            [
              76.8811619,
              28.3333553
            ],
            [
              76.8812316,
              28.3333691
            ],
            [
              76.8813493,
              28.3333607
            ],
            [
              76.881387,
              28.3333919
            ],
            [
              76.881293,
              28.3334614
            ],
            [
              76.8812966,
              28.3334965
            ],
            [
              76.8813791,
              28.3335147
            ],
            [
              76.8813826,
              28.3335919
            ],
            [
              76.8813186,
              28.3336453
            ],
            [
              76.8809223,
              28.3336456
            ]
          ]
        ]
      },
      "id": "way/1360363323"
    },
    {
      "type": "Feature",
      "properties": {
        "@id": "way/1360363555",
        "leisure": "park"
      },
      "geometry": {
        "type": "Polygon",
        "coordinates": [
          [
            [
              76.8834095,
              28.3331807
            ],
            [
              76.8840344,
              28.3331826
            ],
            [
              76.8840395,
              28.3333114
            ],
            [
              76.8840395,
              28.3333489
            ],
            [
              76.8841101,
              28.3333543
            ],
            [
              76.8840499,
              28.3334088
            ],
            [
              76.8838053,
              28.3333972
            ],
            [
              76.8837844,
              28.3334434
            ],
            [
              76.8837532,
              28.333445
            ],
            [
              76.8837384,
              28.3333825
            ],
            [
              76.88366,
              28.3333946
            ],
            [
              76.8835748,
              28.333465
            ],
            [
              76.8835012,
              28.3334651
            ],
            [
              76.8835069,
              28.3333627
            ],
            [
              76.883411,
              28.3333611
            ],
            [
              76.8834095,
              28.3331807
            ]
          ]
        ]
      },
      "id": "way/1360363555"
    },
    {
      "type": "Feature",
      "properties": {
        "@id": "way/1383659344",
        "leisure": "park"
      },
      "geometry": {
        "type": "Polygon",
        "coordinates": [
          [
            [
              77.056682,
              28.4481545
            ],
            [
              77.0564065,
              28.4478912
            ],
            [
              77.056437,
              28.4478678
            ],
            [
              77.0571239,
              28.4473398
            ],
            [
              77.0572681,
              28.4474896
            ],
            [
              77.0573895,
              28.4476159
            ],
            [
              77.056682,
              28.4481545
            ]
          ]
        ]
      },
      "id": "way/1383659344"
    },
    {
      "type": "Feature",
      "properties": {
        "@id": "way/1383661790",
        "leisure": "park"
      },
      "geometry": {
        "type": "Polygon",
        "coordinates": [
          [
            [
              77.0191627,
              28.4327302
            ],
            [
              77.0190372,
              28.4325815
            ],
            [
              77.0188602,
              28.4323716
            ],
            [
              77.0187238,
              28.43221
            ],
            [
              77.0191717,
              28.4318913
            ],
            [
              77.0193556,
              28.4321068
            ],
            [
              77.0195121,
              28.43229
            ],
            [
              77.0196235,
              28.4324206
            ],
            [
              77.0191627,
              28.4327302
            ]
          ]
        ]
      },
      "id": "way/1383661790"
    },
    {
      "type": "Feature",
      "properties": {
        "@id": "way/1387719418",
        "addr:village": "Samaspur",
        "leisure": "park",
        "name": "Park 2"
      },
      "geometry": {
        "type": "Polygon",
        "coordinates": [
          [
            [
              77.0656092,
              28.4255249
            ],
            [
              77.0663613,
              28.4249429
            ],
            [
              77.0664903,
              28.4250938
            ],
            [
              77.0657537,
              28.4256645
            ],
            [
              77.0656092,
              28.4255249
            ]
          ]
        ]
      },
      "id": "way/1387719418"
    },
    {
      "type": "Feature",
      "properties": {
        "@id": "way/1387719422",
        "leisure": "park"
      },
      "geometry": {
        "type": "Polygon",
        "coordinates": [
          [
            [
              77.0564479,
              28.4222905
            ],
            [
              77.056681,
              28.4222953
            ],
            [
              77.0566789,
              28.4229037
            ],
            [
              77.0564436,
              28.422899
            ],
            [
              77.0564479,
              28.4222905
            ]
          ]
        ]
      },
      "id": "way/1387719422"
    },
    {
      "type": "Feature",
      "properties": {
        "@id": "way/1408776567",
        "leisure": "park",
        "name": "F Block Park"
      },
      "geometry": {
        "type": "Polygon",
        "coordinates": [
          [
            [
              77.0545487,
              28.4170884
            ],
            [
              77.054994,
              28.4161188
            ],
            [
              77.0550825,
              28.4160221
            ],
            [
              77.0550906,
              28.4170907
            ],
            [
              77.0545487,
              28.4170884
            ]
          ]
        ]
      },
      "id": "way/1408776567"
    },
    {
      "type": "Feature",
      "properties": {
        "@id": "way/1408777029",
        "leisure": "park",
        "name": "F Block Open Gym"
      },
      "geometry": {
        "type": "Polygon",
        "coordinates": [
          [
            [
              77.0550386,
              28.4158639
            ],
            [
              77.0547829,
              28.4157664
            ],
            [
              77.0548476,
              28.4157095
            ],
            [
              77.0550571,
              28.415723
            ],
            [
              77.0550386,
              28.4158639
            ]
          ]
        ]
      },
      "id": "way/1408777029"
    },
    {
      "type": "Feature",
      "properties": {
        "@id": "way/1418900639",
        "leisure": "park"
      },
      "geometry": {
        "type": "Polygon",
        "coordinates": [
          [
            [
              77.093774,
              28.4988913
            ],
            [
              77.093942,
              28.4987964
            ],
            [
              77.0940511,
              28.4988992
            ],
            [
              77.0940391,
              28.4989256
            ],
            [
              77.093774,
              28.4988913
            ]
          ]
        ]
      },
      "id": "way/1418900639"
    },
    {
      "type": "Feature",
      "properties": {
        "@id": "way/1420164521",
        "leisure": "park"
      },
      "geometry": {
        "type": "Polygon",
        "coordinates": [
          [
            [
              77.0928383,
              28.500616
            ],
            [
              77.093093,
              28.5009005
            ],
            [
              77.0929097,
              28.5010288
            ],
            [
              77.0927205,
              28.5008297
            ],
            [
              77.0926201,
              28.5008964
            ],
            [
              77.0925372,
              28.5008071
            ],
            [
              77.0928383,
              28.500616
            ]
          ]
        ]
      },
      "id": "way/1420164521"
    },
    {
      "type": "Feature",
      "properties": {
        "@id": "way/1422826986",
        "addr:city": "Gurugram",
        "addr:city:en": "Gurugram",
        "addr:district": "Gurugram",
        "addr:district:en": "Gurugram",
        "addr:state": "Haryana",
        "leisure": "park",
        "name": "Upvan Park",
        "name:en": "Upvan Park"
      },
      "geometry": {
        "type": "Polygon",
        "coordinates": [
          [
            [
              77.0912303,
              28.4551123
            ],
            [
              77.091435,
              28.4543872
            ],
            [
              77.0919187,
              28.4544962
            ],
            [
              77.0916972,
              28.4552143
            ],
            [
              77.0912303,
              28.4551123
            ]
          ]
        ]
      },
      "id": "way/1422826986"
    },
    {
      "type": "Feature",
      "properties": {
        "@id": "way/1422826987",
        "leisure": "park"
      },
      "geometry": {
        "type": "Polygon",
        "coordinates": [
          [
            [
              77.0922212,
              28.456164
            ],
            [
              77.0924415,
              28.4554251
            ],
            [
              77.093202,
              28.4555923
            ],
            [
              77.0929801,
              28.4563338
            ],
            [
              77.0922212,
              28.456164
            ]
          ]
        ]
      },
      "id": "way/1422826987"
    },
    {
      "type": "Feature",
      "properties": {
        "@id": "way/1422826988",
        "leisure": "park"
      },
      "geometry": {
        "type": "Polygon",
        "coordinates": [
          [
            [
              77.0923343,
              28.4549176
            ],
            [
              77.0925599,
              28.454217
            ],
            [
              77.0937065,
              28.4544899
            ],
            [
              77.0934996,
              28.4551778
            ],
            [
              77.0923343,
              28.4549176
            ]
          ]
        ]
      },
      "id": "way/1422826988"
    },
    {
      "type": "Feature",
      "properties": {
        "@id": "way/1422826989",
        "leisure": "park"
      },
      "geometry": {
        "type": "Polygon",
        "coordinates": [
          [
            [
              77.0742354,
              28.4740685
            ],
            [
              77.0743223,
              28.4735427
            ],
            [
              77.0743161,
              28.473479
            ],
            [
              77.0742995,
              28.473448
            ],
            [
              77.0744299,
              28.4734571
            ],
            [
              77.074432,
              28.4735063
            ],
            [
              77.0744506,
              28.4735263
            ],
            [
              77.0748273,
              28.4735208
            ],
            [
              77.0747942,
              28.4740903
            ],
            [
              77.0742354,
              28.4740685
            ]
          ]
        ]
      },
      "id": "way/1422826989"
    },
    {
      "type": "Feature",
      "properties": {
        "@id": "way/1422826990",
        "leisure": "park"
      },
      "geometry": {
        "type": "Polygon",
        "coordinates": [
          [
            [
              77.0737691,
              28.4721564
            ],
            [
              77.0738661,
              28.4713935
            ],
            [
              77.074077,
              28.4713914
            ],
            [
              77.0740746,
              28.4715725
            ],
            [
              77.0740261,
              28.4715768
            ],
            [
              77.0740285,
              28.4721543
            ],
            [
              77.0737691,
              28.4721564
            ]
          ]
        ]
      },
      "id": "way/1422826990"
    },
    {
      "type": "Feature",
      "properties": {
        "@id": "way/1422826991",
        "leisure": "park"
      },
      "geometry": {
        "type": "Polygon",
        "coordinates": [
          [
            [
              77.0769633,
              28.4740944
            ],
            [
              77.0769682,
              28.4734991
            ],
            [
              77.0775595,
              28.4734979
            ],
            [
              77.0775567,
              28.4740944
            ],
            [
              77.0769633,
              28.4740944
            ]
          ]
        ]
      },
      "id": "way/1422826991"
    },
    {
      "type": "Feature",
      "properties": {
        "@id": "way/1423287504",
        "leisure": "park"
      },
      "geometry": {
        "type": "Polygon",
        "coordinates": [
          [
            [
              77.0756349,
              28.4514989
            ],
            [
              77.0756907,
              28.4507122
            ],
            [
              77.0761949,
              28.4507405
            ],
            [
              77.0756349,
              28.4514989
            ]
          ]
        ]
      },
      "id": "way/1423287504"
    },
    {
      "type": "Feature",
      "properties": {
        "@id": "way/1426715203",
        "leisure": "park"
      },
      "geometry": {
        "type": "Polygon",
        "coordinates": [
          [
            [
              77.1048708,
              28.4690172
            ],
            [
              77.1046727,
              28.4681622
            ],
            [
              77.1054054,
              28.4687377
            ],
            [
              77.1052656,
              28.4687078
            ],
            [
              77.1048708,
              28.4690172
            ]
          ]
        ]
      },
      "id": "way/1426715203"
    },
    {
      "type": "Feature",
      "properties": {
        "@id": "way/1427565421",
        "leisure": "park"
      },
      "geometry": {
        "type": "Polygon",
        "coordinates": [
          [
            [
              77.0927404,
              28.4277894
            ],
            [
              77.093205,
              28.4277914
            ],
            [
              77.0932697,
              28.4284239
            ],
            [
              77.093033,
              28.4284396
            ],
            [
              77.0930196,
              28.4288619
            ],
            [
              77.0928208,
              28.428911
            ],
            [
              77.0927404,
              28.4277894
            ]
          ]
        ]
      },
      "id": "way/1427565421"
    },
    {
      "type": "Feature",
      "properties": {
        "@id": "way/1427641008",
        "leisure": "park"
      },
      "geometry": {
        "type": "Polygon",
        "coordinates": [
          [
            [
              77.0861737,
              28.462165
            ],
            [
              77.0863247,
              28.4619085
            ],
            [
              77.0867026,
              28.4620805
            ],
            [
              77.0865515,
              28.462337
            ],
            [
              77.0861737,
              28.462165
            ]
          ]
        ]
      },
      "id": "way/1427641008"
    },
    {
      "type": "Feature",
      "properties": {
        "@id": "way/1430856186",
        "leisure": "park"
      },
      "geometry": {
        "type": "Polygon",
        "coordinates": [
          [
            [
              77.1172537,
              28.549263
            ],
            [
              77.1176751,
              28.5491611
            ],
            [
              77.1178132,
              28.5491258
            ],
            [
              77.1179956,
              28.549074
            ],
            [
              77.1181858,
              28.5490163
            ],
            [
              77.1183668,
              28.5489609
            ],
            [
              77.1185921,
              28.5488881
            ],
            [
              77.1187159,
              28.5488461
            ],
            [
              77.1188406,
              28.548802
            ],
            [
              77.1188983,
              28.548786
            ],
            [
              77.1189372,
              28.5487778
            ],
            [
              77.119013,
              28.5487754
            ],
            [
              77.1190519,
              28.5487778
            ],
            [
              77.119074,
              28.5487872
            ],
            [
              77.1190894,
              28.5488055
            ],
            [
              77.1190968,
              28.5488232
            ],
            [
              77.1191001,
              28.548845
            ],
            [
              77.1190941,
              28.5488697
            ],
            [
              77.1190807,
              28.5488862
            ],
            [
              77.1190566,
              28.5489033
            ],
            [
              77.1187132,
              28.5491018
            ],
            [
              77.1185766,
              28.5491756
            ],
            [
              77.1184668,
              28.5492146
            ],
            [
              77.118294,
              28.5492576
            ],
            [
              77.1180932,
              28.5493007
            ],
            [
              77.11784,
              28.5493548
            ],
            [
              77.1176913,
              28.5493887
            ],
            [
              77.1175704,
              28.5494184
            ],
            [
              77.1174735,
              28.5494437
            ],
            [
              77.1171271,
              28.5495329
            ],
            [
              77.1167523,
              28.5496237
            ],
            [
              77.1165048,
              28.5496904
            ],
            [
              77.1162849,
              28.5497516
            ],
            [
              77.1161038,
              28.5497999
            ],
            [
              77.1158503,
              28.5498647
            ],
            [
              77.1156653,
              28.5499119
            ],
            [
              77.1154476,
              28.5499627
            ],
            [
              77.1149418,
              28.5500691
            ],
            [
              77.1147912,
              28.550104
            ],
            [
              77.1146803,
              28.5501327
            ],
            [
              77.114592,
              28.5501606
            ],
            [
              77.1145045,
              28.5501883
            ],
            [
              77.1143679,
              28.5502375
            ],
            [
              77.1142628,
              28.5502796
            ],
            [
              77.114076,
              28.5503596
            ],
            [
              77.1138986,
              28.5504324
            ],
            [
              77.113825,
              28.5504591
            ],
            [
              77.1137479,
              28.5504806
            ],
            [
              77.1136664,
              28.5504972
            ],
            [
              77.1136176,
              28.5503337
            ],
            [
              77.1135791,
              28.5502049
            ],
            [
              77.113786,
              28.5501618
            ],
            [
              77.1139026,
              28.5501391
            ],
            [
              77.1140542,
              28.5501132
            ],
            [
              77.1142352,
              28.5500885
            ],
            [
              77.1144109,
              28.5500637
            ],
            [
              77.1145504,
              28.550039
            ],
            [
              77.1147792,
              28.5499856
            ],
            [
              77.1150495,
              28.5499231
            ],
            [
              77.1154479,
              28.5498374
            ],
            [
              77.1159877,
              28.5497107
            ],
            [
              77.1173065,
              28.5494319
            ],
            [
              77.1172857,
              28.5493654
            ],
            [
              77.1172626,
              28.5492913
            ],
            [
              77.1172537,
              28.549263
            ]
          ]
        ]
      },
      "id": "way/1430856186"
    },
    {
      "type": "Feature",
      "properties": {
        "@id": "way/1433746741",
        "leisure": "park"
      },
      "geometry": {
        "type": "Polygon",
        "coordinates": [
          [
            [
              77.0897511,
              28.4671531
            ],
            [
              77.0898069,
              28.4668526
            ],
            [
              77.0902324,
              28.4669131
            ],
            [
              77.0901892,
              28.4671567
            ],
            [
              77.0897511,
              28.4671531
            ]
          ]
        ]
      },
      "id": "way/1433746741"
    },
    {
      "type": "Feature",
      "properties": {
        "@id": "way/1434663373",
        "leisure": "park"
      },
      "geometry": {
        "type": "Polygon",
        "coordinates": [
          [
            [
              77.0975125,
              28.4768727
            ],
            [
              77.0979515,
              28.4765716
            ],
            [
              77.0980651,
              28.4766805
            ],
            [
              77.0976348,
              28.4770149
            ],
            [
              77.0975125,
              28.4768727
            ]
          ]
        ]
      },
      "id": "way/1434663373"
    },
    {
      "type": "Feature",
      "properties": {
        "@id": "way/1434663374",
        "leisure": "park"
      },
      "geometry": {
        "type": "Polygon",
        "coordinates": [
          [
            [
              77.097843,
              28.476151
            ],
            [
              77.097936,
              28.4762539
            ],
            [
              77.0973318,
              28.4766866
            ],
            [
              77.0968344,
              28.4770225
            ],
            [
              77.0967432,
              28.4769075
            ],
            [
              77.097843,
              28.476151
            ]
          ]
        ]
      },
      "id": "way/1434663374"
    },
    {
      "type": "Feature",
      "properties": {
        "@id": "way/1434681189",
        "leisure": "park"
      },
      "geometry": {
        "type": "Polygon",
        "coordinates": [
          [
            [
              77.0815338,
              28.4282315
            ],
            [
              77.0821539,
              28.4281629
            ],
            [
              77.0822713,
              28.4289837
            ],
            [
              77.0816513,
              28.4290523
            ],
            [
              77.0815338,
              28.4282315
            ]
          ]
        ]
      },
      "id": "way/1434681189"
    },
    {
      "type": "Feature",
      "properties": {
        "@id": "way/1442593455",
        "leisure": "park"
      },
      "geometry": {
        "type": "Polygon",
        "coordinates": [
          [
            [
              77.0856388,
              28.4223096
            ],
            [
              77.0860344,
              28.4220529
            ],
            [
              77.0861891,
              28.4225171
            ],
            [
              77.0858796,
              28.4226981
            ],
            [
              77.0856388,
              28.4223096
            ]
          ]
        ]
      },
      "id": "way/1442593455"
    },
    {
      "type": "Feature",
      "properties": {
        "@id": "way/1486480802",
        "leisure": "park",
        "name": "Mayur garden"
      },
      "geometry": {
        "type": "Polygon",
        "coordinates": [
          [
            [
              77.0891344,
              28.452715
            ],
            [
              77.089284,
              28.4527424
            ],
            [
              77.0894278,
              28.4527772
            ],
            [
              77.0892262,
              28.4528929
            ],
            [
              77.0891344,
              28.452715
            ]
          ]
        ]
      },
      "id": "way/1486480802"
    },
    {
      "type": "Feature",
      "properties": {
        "@id": "way/1491394004",
        "leisure": "park",
        "name": "Deerwood Park"
      },
      "geometry": {
        "type": "Polygon",
        "coordinates": [
          [
            [
              77.0629936,
              28.4155664
            ],
            [
              77.0629815,
              28.415284
            ],
            [
              77.0630092,
              28.4149181
            ],
            [
              77.0629954,
              28.4145006
            ],
            [
              77.0629902,
              28.4144004
            ],
            [
              77.0636996,
              28.4149029
            ],
            [
              77.063042,
              28.41558
            ],
            [
              77.0629936,
              28.4155664
            ]
          ]
        ]
      },
      "id": "way/1491394004"
    },
    {
      "type": "Feature",
      "properties": {
        "@id": "way/1491394560",
        "access": "yes",
        "description": "Small park for children",
        "dog": "yes",
        "leisure": "park",
        "name": "DeerWood Park - 2",
        "opening_hours": "24/7"
      },
      "geometry": {
        "type": "Polygon",
        "coordinates": [
          [
            [
              77.062072,
              28.4140539
            ],
            [
              77.0620679,
              28.4139413
            ],
            [
              77.0620598,
              28.4139091
            ],
            [
              77.0620384,
              28.4138886
            ],
            [
              77.0619703,
              28.4138895
            ],
            [
              77.0619531,
              28.4138769
            ],
            [
              77.0619521,
              28.4137518
            ],
            [
              77.0619531,
              28.4136946
            ],
            [
              77.0619897,
              28.4136794
            ],
            [
              77.0620771,
              28.413708
            ],
            [
              77.0621563,
              28.4137661
            ],
            [
              77.0623556,
              28.4138868
            ],
            [
              77.0624704,
              28.4139842
            ],
            [
              77.0625985,
              28.4140745
            ],
            [
              77.0625639,
              28.4140977
            ],
            [
              77.0623007,
              28.4140951
            ],
            [
              77.0620669,
              28.4140933
            ],
            [
              77.062072,
              28.4140539
            ]
          ]
        ]
      },
      "id": "way/1491394560"
    },
    {
      "type": "Feature",
      "properties": {
        "@id": "way/1491395009",
        "description": "dog park",
        "dog": "yes",
        "leisure": "park"
      },
      "geometry": {
        "type": "Polygon",
        "coordinates": [
          [
            [
              77.0612167,
              28.4136052
            ],
            [
              77.0605652,
              28.4136383
            ],
            [
              77.0605377,
              28.4135998
            ],
            [
              77.060741,
              28.4135283
            ],
            [
              77.0609707,
              28.4134729
            ],
            [
              77.0612421,
              28.4133853
            ],
            [
              77.0612309,
              28.4136052
            ],
            [
              77.0612167,
              28.4136052
            ]
          ]
        ]
      },
      "id": "way/1491395009"
    },
    {
      "type": "Feature",
      "properties": {
        "@id": "way/1510535369",
        "leisure": "park"
      },
      "geometry": {
        "type": "Polygon",
        "coordinates": [
          [
            [
              77.0857616,
              28.4698018
            ],
            [
              77.085414,
              28.4691818
            ],
            [
              77.0855075,
              28.4691389
            ],
            [
              77.0858531,
              28.4697625
            ],
            [
              77.0857616,
              28.4698018
            ]
          ]
        ]
      },
      "id": "way/1510535369"
    },
    {
      "type": "Feature",
      "properties": {
        "@id": "way/1521272162",
        "leisure": "park"
      },
      "geometry": {
        "type": "Polygon",
        "coordinates": [
          [
            [
              77.0768139,
              28.3574947
            ],
            [
              77.0768229,
              28.3571497
            ],
            [
              77.0771742,
              28.3571567
            ],
            [
              77.0771652,
              28.3575018
            ],
            [
              77.0768139,
              28.3574947
            ]
          ]
        ]
      },
      "id": "way/1521272162"
    },
    {
      "type": "Feature",
      "properties": {
        "@id": "node/271336428",
        "amenity": "bank",
        "brand": "Kotak Mahindra Bank",
        "brand:wikidata": "Q2040404",
        "check_date": "2025-02-23",
        "leisure": "park",
        "name": "Kotak Mahindra Bank;india",
        "name:en": "Kotak Mahindra Bank",
        "website": "https://www.kotak.com/"
      },
      "geometry": {
        "type": "Point",
        "coordinates": [
          77.0848883,
          28.4808629
        ]
      },
      "id": "node/271336428"
    },
    {
      "type": "Feature",
      "properties": {
        "@id": "node/5624723854",
        "addr:city": "GURGAON",
        "addr:housenumber": "sector 32",
        "addr:street": "Infocity Phase 1",
        "leisure": "park",
        "name": "Infocity Park"
      },
      "geometry": {
        "type": "Point",
        "coordinates": [
          77.0153305,
          28.4302895
        ]
      },
      "id": "node/5624723854"
    },
    {
      "type": "Feature",
      "properties": {
        "@id": "node/5677866690",
        "description": "Thousand Shades Butterfly Park",
        "leisure": "park"
      },
      "geometry": {
        "type": "Point",
        "coordinates": [
          77.0900826,
          28.4382436
        ]
      },
      "id": "node/5677866690"
    },
    {
      "type": "Feature",
      "properties": {
        "@id": "node/6219552403",
        "leisure": "park"
      },
      "geometry": {
        "type": "Point",
        "coordinates": [
          77.0217528,
          28.3931187
        ]
      },
      "id": "node/6219552403"
    },
    {
      "type": "Feature",
      "properties": {
        "@id": "node/6223496985",
        "leisure": "park"
      },
      "geometry": {
        "type": "Point",
        "coordinates": [
          77.0419167,
          28.4049644
        ]
      },
      "id": "node/6223496985"
    },
    {
      "type": "Feature",
      "properties": {
        "@id": "node/7829458290",
        "addr:city": "Gurugram",
        "addr:housenumber": "4/8, shakti nagar road, Laxmi garden,sector 11,grugram ,haryana",
        "addr:postcode": "122001",
        "addr:street": "shakti nagar road, Laxmi garden,sector 11,grugram ,haryana",
        "description": "it's great park in society , lots of people and children like to came here for hangout",
        "leisure": "park",
        "name": "Tikona Park",
        "opening_hours": "24/7",
        "operator": "open for every one"
      },
      "geometry": {
        "type": "Point",
        "coordinates": [
          77.0172825,
          28.4537674
        ]
      },
      "id": "node/7829458290"
    },
    {
      "type": "Feature",
      "properties": {
        "@id": "node/7829458291",
        "addr:city": "Gurugram",
        "addr:housenumber": "4/8, Shakti nagar road, laxmi garden,sector 11,gurgaon, Haryana",
        "addr:postcode": "122001",
        "addr:street": "Shakti nagar road, laxmi garden,sector 11,gurgaon, Haryana",
        "description": "it's great place and it's open for every one lots of people like to came here for hangout",
        "leisure": "park",
        "name": "Children park",
        "opening_hours": "24/7",
        "operator": "it's open for every one lots of people like to came here for hangout"
      },
      "geometry": {
        "type": "Point",
        "coordinates": [
          77.017516,
          28.4532911
        ]
      },
      "id": "node/7829458291"
    },
    {
      "type": "Feature",
      "properties": {
        "@id": "node/7829480979",
        "addr:city": "Gurugram",
        "addr:housenumber": "4 marla ,khandsa road,sector 11 , gurugram ,haryana",
        "addr:postcode": "122001",
        "addr:street": "khandsa road,sector 11 , gurugram ,haryana",
        "leisure": "park",
        "name": "Atal Vatika Park",
        "opening_hours": "24/7",
        "operator": "public place"
      },
      "geometry": {
        "type": "Point",
        "coordinates": [
          77.0195396,
          28.4533282
        ]
      },
      "id": "node/7829480979"
    },
    {
      "type": "Feature",
      "properties": {
        "@id": "node/7829627325",
        "leisure": "park"
      },
      "geometry": {
        "type": "Point",
        "coordinates": [
          77.0213438,
          28.4545286
        ]
      },
      "id": "node/7829627325"
    },
    {
      "type": "Feature",
      "properties": {
        "@id": "node/8012330500",
        "leisure": "park"
      },
      "geometry": {
        "type": "Point",
        "coordinates": [
          77.0652412,
          28.461903
        ]
      },
      "id": "node/8012330500"
    },
    {
      "type": "Feature",
      "properties": {
        "@id": "node/10968937275",
        "leisure": "park"
      },
      "geometry": {
        "type": "Point",
        "coordinates": [
          77.0994187,
          28.4226909
        ]
      },
      "id": "node/10968937275"
    },
    {
      "type": "Feature",
      "properties": {
        "@id": "node/12183551783",
        "addr:city": "New Delhi",
        "addr:housenumber": "D-8",
        "addr:postcode": "110070",
        "addr:street": "Vasant Kunj",
        "leisure": "park",
        "name": "D-8 Park",
        "operator": "DDA",
        "operator:type": "public"
      },
      "geometry": {
        "type": "Point",
        "coordinates": [
          77.1440096,
          28.5292523
        ]
      },
      "id": "node/12183551783"
    },
    {
      "type": "Feature",
      "properties": {
        "@id": "node/12397467101",
        "leisure": "park"
      },
      "geometry": {
        "type": "Point",
        "coordinates": [
          77.0074434,
          28.4687471
        ]
      },
      "id": "node/12397467101"
    },
    {
      "type": "Feature",
      "properties": {
        "@id": "node/12397468001",
        "leisure": "park"
      },
      "geometry": {
        "type": "Point",
        "coordinates": [
          77.0079678,
          28.4668898
        ]
      },
      "id": "node/12397468001"
    },
    {
      "type": "Feature",
      "properties": {
        "@id": "node/13521150741",
        "dog": "no",
        "leisure": "park"
      },
      "geometry": {
        "type": "Point",
        "coordinates": [
          77.093578,
          28.4999523
        ]
      },
      "id": "node/13521150741"
    },
    {
      "type": "Feature",
      "properties": {
        "@id": "node/13521150742",
        "dog": "no",
        "leisure": "park"
      },
      "geometry": {
        "type": "Point",
        "coordinates": [
          77.0936687,
          28.4997263
        ]
      },
      "id": "node/13521150742"
    }
  ]
}